 נתונים היסטוריים  - סוף יום ת"א-125,,,,,,
מתאריך 27/05/2015  עד תאריך 28/05/2020
תאריך,מדד בסיס,מדד פתיחה,מדד נעילה,מדד גבוה,מדד נמוך,שווי שוק כולל (אלפי ש''ח)
27/05/2020,1425.45,1424.68,1415.01,1428.03,1406.87,640929224
26/05/2020,1430.22,1444.31,1425.45,1445.89,1421.90,645060825
25/05/2020,1422.78,1428.24,1430.22,1434.16,1423.74,645892511
24/05/2020,1406.53,1413.67,1422.78,1423.20,1413.17,642041078
21/05/2020,1417.24,1412.83,1406.53,1413.15,1400.07,636248446
20/05/2020,1406.28,1404.11,1417.24,1417.24,1401.61,641425439
19/05/2020,1402.82,1414.23,1406.28,1416.47,1398.05,635934741
18/05/2020,1378.01,1389.65,1402.82,1407.85,1387.65,635477187
17/05/2020,1330.77,1366.03,1378.01,1381.05,1365.15,623363773
14/05/2020,1394.58,1375.28,1330.77,1376.56,1327.79,601227414
13/05/2020,1420.07,1412.20,1394.58,1412.20,1391.25,630007391
12/05/2020,1429.25,1427.06,1420.07,1437.13,1413.37,643286398
11/05/2020,1435.03,1437.25,1429.25,1439.16,1412.73,644760066
10/05/2020,1411.22,1428.97,1435.03,1435.03,1426.24,648718057
07/05/2020,1394.65,1400.35,1411.22,1415.32,1400.35,639446621
06/05/2020,1393.14,1398.09,1394.65,1408.35,1390.91,630656398
05/05/2020,1361.04,1377.34,1393.14,1393.14,1376.95,631694508
04/05/2020,1377.45,1378.12,1361.04,1380.63,1350.65,617749067
03/05/2020,1407.20,1371.37,1377.45,1381.76,1367.27,625561938
30/04/2020,1392.31,1440.99,1407.20,1444.87,1402.79,639746868
27/04/2020,1381.28,1388.86,1392.31,1402.82,1382.89,632210771
26/04/2020,1343.16,1360.56,1381.28,1383.11,1358.66,627376425
23/04/2020,1322.14,1333.00,1343.16,1347.24,1331.00,611493745
22/04/2020,1320.41,1324.30,1322.14,1332.50,1316.44,601527076
21/04/2020,1349.87,1347.93,1320.41,1348.75,1313.91,600428212
20/04/2020,1368.18,1366.51,1349.87,1366.51,1342.01,613720357
19/04/2020,1299.99,1339.37,1368.18,1368.18,1337.72,621228198
16/04/2020,1320.74,1327.67,1299.99,1327.67,1292.37,590804545
13/04/2020,1333.48,1328.67,1320.74,1329.96,1309.30,602268866
12/04/2020,1312.52,1347.93,1333.48,1354.12,1328.39,608377963
07/04/2020,1270.15,1294.69,1312.52,1320.04,1293.75,596433169
06/04/2020,1207.78,1245.65,1270.15,1270.15,1234.52,575539417
05/04/2020,1233.00,1240.20,1207.78,1245.27,1207.78,545939903
02/04/2020,1236.83,1245.59,1233.00,1256.68,1226.87,557858868
01/04/2020,1276.88,1243.01,1236.83,1249.35,1227.60,558739233
31/03/2020,1243.69,1261.11,1276.88,1287.65,1245.89,577338258
30/03/2020,1217.43,1228.86,1243.69,1245.02,1216.88,563074280
29/03/2020,1232.08,1201.71,1217.43,1221.52,1189.24,550671992
26/03/2020,1191.77,1186.70,1232.08,1235.99,1179.38,557493408
25/03/2020,1188.85,1209.71,1191.77,1219.93,1166.26,538865924
24/03/2020,1105.95,1149.77,1188.85,1193.60,1147.28,538736447
23/03/2020,1115.46,1089.87,1105.95,1147.34,1076.65,502009188
22/03/2020,1161.80,1116.82,1115.46,1122.01,1106.53,507372606
19/03/2020,1113.17,1106.70,1161.80,1168.74,1102.47,527922680
18/03/2020,1190.32,1139.81,1113.17,1146.98,1113.17,505123712
17/03/2020,1170.06,1199.06,1190.32,1199.31,1142.16,539613547
16/03/2020,1227.46,1175.30,1170.06,1177.57,1120.00,530690895
15/03/2020,1194.69,1206.09,1227.46,1228.41,1182.59,556441480
12/03/2020,1274.15,1194.63,1194.69,1212.25,1155.81,539768955
11/03/2020,1318.72,1307.19,1274.15,1351.38,1271.60,577673942
09/03/2020,1412.32,1318.97,1318.72,1351.46,1285.68,597887834
08/03/2020,1479.93,1424.84,1412.32,1439.70,1371.84,640353153
05/03/2020,1508.84,1510.72,1479.93,1512.26,1466.80,671907983
04/03/2020,1541.83,1534.99,1508.84,1536.07,1499.49,684988934
03/03/2020,1522.13,1561.34,1541.83,1567.99,1537.97,700161928
01/03/2020,1542.55,1532.66,1522.13,1539.05,1509.10,691423745
27/02/2020,1609.09,1591.00,1542.55,1591.00,1542.55,701682343
26/02/2020,1609.53,1591.28,1609.09,1621.50,1573.31,731187074
25/02/2020,1597.06,1611.16,1609.53,1620.23,1589.73,731390874
24/02/2020,1624.12,1599.41,1597.06,1603.96,1572.73,725559599
23/02/2020,1666.96,1634.79,1624.12,1634.79,1619.40,738995364
20/02/2020,1676.71,1678.13,1666.96,1681.57,1664.29,759447239
19/02/2020,1656.20,1663.72,1676.71,1677.20,1662.10,763970832
18/02/2020,1668.74,1651.99,1656.20,1656.72,1648.03,754242232
17/02/2020,1668.95,1674.02,1668.74,1678.62,1665.00,759488339
16/02/2020,1664.52,1662.15,1668.95,1674.26,1662.02,759658508
13/02/2020,1684.12,1678.00,1664.52,1679.10,1657.28,754871631
12/02/2020,1664.54,1664.44,1684.12,1684.12,1664.44,764899975
11/02/2020,1644.09,1653.80,1664.54,1665.32,1650.17,755582160
10/02/2020,1637.00,1640.85,1644.09,1644.58,1631.76,746653346
09/02/2020,1665.07,1657.66,1637.00,1657.73,1637.00,743560815
06/02/2020,1657.02,1673.96,1665.07,1673.96,1662.65,756784905
05/02/2020,1630.18,1633.45,1657.02,1657.18,1630.80,745070826
04/02/2020,1602.72,1614.32,1630.18,1630.18,1614.32,732043487
03/02/2020,1586.98,1591.16,1602.72,1605.97,1578.95,718991157
02/02/2020,1635.45,1608.67,1586.98,1609.52,1570.36,712488379
30/01/2020,1643.28,1633.70,1635.45,1636.74,1626.90,733720775
29/01/2020,1637.32,1640.53,1643.28,1651.63,1638.97,738111032
28/01/2020,1635.41,1643.19,1637.32,1647.79,1630.28,734685445
27/01/2020,1661.73,1652.61,1635.41,1652.61,1629.33,733828708
26/01/2020,1679.56,1668.06,1661.73,1668.60,1659.08,745738164
23/01/2020,1682.44,1680.50,1679.56,1684.78,1675.64,753815101
22/01/2020,1663.97,1670.52,1682.44,1683.91,1670.52,754984856
21/01/2020,1662.07,1659.46,1663.97,1665.35,1648.27,746742446
20/01/2020,1665.70,1665.29,1662.07,1666.40,1659.22,746538512
19/01/2020,1657.87,1661.38,1665.70,1665.70,1659.54,747648510
16/01/2020,1645.80,1648.89,1657.87,1657.87,1648.34,743580631
15/01/2020,1630.72,1638.34,1645.80,1645.80,1637.07,738317291
14/01/2020,1623.74,1628.45,1630.72,1630.72,1623.57,731374408
13/01/2020,1622.50,1623.43,1623.74,1625.89,1618.41,728534461
12/01/2020,1623.66,1623.78,1622.50,1624.36,1619.43,728415328
09/01/2020,1621.66,1623.39,1623.66,1628.24,1620.80,728310622
08/01/2020,1616.49,1614.97,1621.66,1622.39,1610.91,728141791
07/01/2020,1617.15,1620.94,1616.49,1622.01,1612.56,726061576
06/01/2020,1624.61,1622.82,1617.15,1623.22,1605.96,725804324
05/01/2020,1631.67,1624.53,1624.61,1626.04,1621.23,728670287
02/01/2020,1623.71,1624.05,1631.67,1635.90,1624.05,731710514
01/01/2020,1616.70,1619.73,1623.71,1624.28,1619.65,727934798
31/12/2019,1605.36,1606.30,1616.70,1616.70,1606.30,724648277
30/12/2019,1609.90,1611.26,1605.36,1614.91,1605.17,719442682
29/12/2019,1614.30,1612.60,1609.90,1614.64,1608.19,721469630
26/12/2019,1617.47,1616.66,1614.30,1618.09,1611.64,721932112
25/12/2019,1617.50,1618.37,1617.47,1624.94,1617.47,723390106
24/12/2019,1608.72,1612.89,1617.50,1618.05,1610.80,722995522
23/12/2019,1612.98,1613.02,1608.72,1613.98,1602.39,718674832
22/12/2019,1606.98,1616.30,1612.98,1616.89,1612.59,720064324
19/12/2019,1616.04,1613.57,1606.98,1616.78,1605.15,717911051
18/12/2019,1616.34,1616.12,1616.04,1618.41,1613.40,720980404
17/12/2019,1621.55,1620.55,1616.34,1621.25,1614.16,721679920
16/12/2019,1618.79,1619.95,1621.55,1621.55,1615.45,723855675
15/12/2019,1620.67,1619.71,1618.79,1623.84,1617.32,725477692
12/12/2019,1619.12,1616.97,1620.67,1620.67,1610.38,726230321
11/12/2019,1616.15,1614.79,1619.12,1619.12,1612.19,725565119
10/12/2019,1615.23,1614.14,1616.15,1616.15,1604.91,724359681
09/12/2019,1613.26,1612.29,1615.23,1615.23,1608.45,725028437
08/12/2019,1598.58,1607.13,1613.26,1613.26,1607.13,724237032
05/12/2019,1600.70,1612.09,1598.58,1612.09,1597.35,717345377
04/12/2019,1589.60,1591.46,1600.70,1602.32,1589.68,718410775
03/12/2019,1607.06,1608.83,1589.60,1609.42,1585.35,714442873
02/12/2019,1618.11,1620.94,1607.06,1621.90,1604.02,722440039
01/12/2019,1625.50,1623.71,1618.11,1627.16,1614.90,728167780
28/11/2019,1617.68,1618.55,1625.50,1625.50,1615.44,730940764
27/11/2019,1616.93,1615.69,1617.68,1621.98,1614.51,727825763
26/11/2019,1611.21,1613.75,1616.93,1617.85,1612.59,727566739
25/11/2019,1592.12,1595.17,1611.21,1611.21,1595.17,724276915
24/11/2019,1587.67,1590.40,1592.12,1592.21,1588.38,716572059
21/11/2019,1592.93,1593.09,1587.67,1593.74,1586.21,712850298
20/11/2019,1597.08,1589.48,1592.93,1593.32,1586.55,714859433
19/11/2019,1588.92,1592.66,1597.08,1600.77,1590.65,716432815
18/11/2019,1592.25,1593.85,1588.92,1595.83,1585.59,711847169
17/11/2019,1578.98,1590.47,1592.25,1592.89,1590.34,713810811
14/11/2019,1570.94,1579.47,1578.98,1580.56,1575.67,708790544
13/11/2019,1569.13,1570.79,1570.94,1572.51,1563.86,704783168
12/11/2019,1571.16,1567.56,1569.13,1569.90,1560.35,703306988
11/11/2019,1582.46,1578.43,1571.16,1580.12,1569.23,704958913
10/11/2019,1585.28,1585.98,1582.46,1587.96,1579.48,710322882
07/11/2019,1583.66,1587.63,1585.28,1587.63,1580.87,712373196
06/11/2019,1590.91,1589.15,1583.66,1590.55,1583.55,711494486
05/11/2019,1590.36,1592.71,1590.91,1594.40,1585.69,714062498
04/11/2019,1590.91,1591.30,1590.36,1597.19,1589.47,713619534
03/11/2019,1577.97,1585.52,1590.91,1590.91,1584.57,713941555
31/10/2019,1577.23,1577.24,1577.97,1584.81,1571.77,708330347
30/10/2019,1584.38,1582.18,1577.23,1586.21,1575.65,707541460
29/10/2019,1586.69,1585.45,1584.38,1587.95,1578.16,710650304
28/10/2019,1580.96,1581.37,1586.69,1588.86,1580.95,711953855
27/10/2019,1573.14,1577.92,1580.96,1581.03,1576.58,709742073
24/10/2019,1570.33,1580.39,1573.14,1582.72,1569.86,705969274
23/10/2019,1576.97,1573.09,1570.33,1580.41,1569.13,705066795
22/10/2019,1570.71,1581.62,1576.97,1582.58,1575.40,707768940
17/10/2019,1569.27,1563.08,1570.71,1572.23,1561.71,705973287
16/10/2019,1552.54,1557.31,1569.27,1569.27,1555.54,705565708
15/10/2019,1535.18,1547.59,1552.54,1552.54,1547.58,698070407
10/10/2019,1532.61,1528.50,1535.18,1535.18,1524.84,689427599
07/10/2019,1530.72,1528.07,1532.61,1532.61,1524.95,688402986
06/10/2019,1508.71,1524.43,1530.72,1530.72,1524.43,687366465
03/10/2019,1520.78,1522.17,1508.71,1522.17,1508.71,678807978
02/10/2019,1532.56,1528.52,1520.78,1529.35,1516.46,680874463
26/09/2019,1520.49,1535.19,1532.56,1535.99,1529.99,686053047
25/09/2019,1524.32,1520.66,1520.49,1522.98,1515.68,681113352
24/09/2019,1519.33,1521.24,1524.32,1525.46,1520.38,682101583
23/09/2019,1520.33,1523.93,1519.33,1528.42,1517.89,679179290
22/09/2019,1528.07,1518.41,1520.33,1520.33,1515.75,679071832
19/09/2019,1522.94,1523.38,1528.07,1530.69,1521.32,682371702
18/09/2019,1516.06,1513.90,1522.94,1530.56,1513.55,679897282
16/09/2019,1516.69,1513.02,1516.06,1516.06,1506.59,676977547
15/09/2019,1520.51,1518.62,1516.69,1520.45,1515.82,677667182
12/09/2019,1512.62,1519.61,1520.51,1521.60,1515.74,679280686
11/09/2019,1497.64,1501.02,1512.62,1512.62,1501.02,676052476
10/09/2019,1492.07,1493.05,1497.64,1499.21,1490.49,670392677
09/09/2019,1489.77,1489.25,1492.07,1492.26,1483.97,669591544
08/09/2019,1481.17,1492.33,1489.77,1494.35,1489.77,669354065
05/09/2019,1478.66,1485.52,1481.17,1487.40,1478.10,665645736
04/09/2019,1468.53,1475.71,1478.66,1483.10,1475.71,663361607
03/09/2019,1478.81,1478.10,1468.53,1478.10,1467.05,658126696
02/09/2019,1480.29,1480.35,1478.81,1486.13,1476.05,662649989
01/09/2019,1480.50,1478.99,1480.29,1482.68,1478.38,663031751
29/08/2019,1460.66,1476.79,1480.50,1480.50,1471.93,662980286
28/08/2019,1469.67,1465.97,1460.66,1467.28,1452.82,653873502
27/08/2019,1471.46,1475.80,1469.67,1477.49,1464.31,657812940
26/08/2019,1459.73,1459.61,1471.46,1475.85,1459.37,658712886
25/08/2019,1506.12,1473.18,1459.73,1473.18,1459.73,652950416
22/08/2019,1501.05,1495.20,1506.12,1509.72,1495.20,673449151
21/08/2019,1490.23,1490.51,1501.05,1502.70,1490.35,672031901
20/08/2019,1483.62,1485.19,1490.23,1490.23,1477.19,667956808
19/08/2019,1462.91,1469.55,1483.62,1483.62,1465.14,665611866
18/08/2019,1457.61,1468.22,1462.91,1475.20,1458.00,657409700
15/08/2019,1471.14,1470.71,1457.61,1476.74,1445.05,654757748
14/08/2019,1509.06,1509.49,1471.14,1510.73,1468.15,661750981
13/08/2019,1499.92,1492.16,1509.06,1509.06,1490.03,678802627
12/08/2019,1507.64,1509.94,1499.92,1513.99,1495.97,675125474
08/08/2019,1479.28,1501.55,1507.64,1507.64,1494.84,679138078
07/08/2019,1491.75,1489.91,1479.28,1501.82,1472.40,665779784
06/08/2019,1485.09,1485.59,1491.75,1497.30,1481.40,672752292
05/08/2019,1515.61,1504.34,1485.09,1504.34,1485.09,673752843
04/08/2019,1518.43,1501.93,1515.61,1518.02,1499.55,687216234
01/08/2019,1513.53,1508.32,1518.43,1521.47,1504.68,687461182
31/07/2019,1500.13,1505.15,1513.53,1513.95,1505.08,688507198
30/07/2019,1504.15,1504.83,1500.13,1505.71,1494.24,682808797
29/07/2019,1509.73,1508.82,1504.15,1510.64,1503.14,685515434
28/07/2019,1498.45,1503.13,1509.73,1510.84,1502.92,688321031
25/07/2019,1499.37,1510.05,1498.45,1510.05,1493.17,682559292
24/07/2019,1483.45,1484.84,1499.37,1499.97,1483.82,682650971
23/07/2019,1469.28,1471.99,1483.45,1483.62,1468.98,675264936
22/07/2019,1464.05,1467.02,1469.28,1472.43,1467.02,669190506
21/07/2019,1462.21,1459.79,1464.05,1464.05,1456.87,667655003
18/07/2019,1473.63,1470.08,1462.21,1470.57,1460.03,666914708
17/07/2019,1488.38,1485.81,1473.63,1487.84,1473.23,673119441
16/07/2019,1491.14,1491.84,1488.38,1492.68,1486.27,679628560
15/07/2019,1494.92,1494.07,1491.14,1495.07,1488.36,680899022
14/07/2019,1488.35,1497.53,1494.92,1498.59,1493.95,682953697
11/07/2019,1488.80,1490.64,1488.35,1491.57,1485.41,679886333
10/07/2019,1484.79,1485.85,1488.80,1490.81,1483.55,680083055
09/07/2019,1479.12,1472.54,1484.79,1484.79,1472.31,678470560
08/07/2019,1487.71,1483.15,1479.12,1483.38,1477.08,675139884
07/07/2019,1490.84,1488.94,1487.71,1490.15,1486.66,678319726
04/07/2019,1487.54,1489.58,1490.84,1492.04,1486.48,680087958
03/07/2019,1483.50,1486.14,1487.54,1489.98,1484.36,678049590
02/07/2019,1483.72,1485.75,1483.50,1487.38,1481.53,675613031
01/07/2019,1485.16,1488.47,1483.72,1491.89,1483.72,676613349
30/06/2019,1467.76,1477.92,1485.16,1485.79,1477.92,677794819
27/06/2019,1462.61,1471.21,1467.76,1473.29,1465.99,669632161
26/06/2019,1458.11,1459.62,1462.61,1466.64,1457.40,667883368
25/06/2019,1464.49,1461.85,1458.11,1463.58,1457.82,664945717
24/06/2019,1464.37,1467.97,1464.49,1471.46,1462.81,667370320
23/06/2019,1463.59,1462.76,1464.37,1464.48,1461.06,666843318
20/06/2019,1453.83,1463.03,1463.59,1467.72,1462.17,667403009
19/06/2019,1449.69,1448.57,1453.83,1453.92,1447.53,663374225
18/06/2019,1436.78,1437.74,1449.69,1450.84,1433.78,661846715
17/06/2019,1444.03,1446.88,1436.78,1446.96,1432.71,656779943
16/06/2019,1446.77,1442.54,1444.03,1446.80,1442.45,660078684
13/06/2019,1434.40,1436.14,1446.77,1446.77,1435.40,662417999
12/06/2019,1443.21,1435.16,1434.40,1436.76,1432.61,656790078
11/06/2019,1449.56,1449.80,1443.21,1450.01,1441.60,661590843
10/06/2019,1430.84,1446.53,1449.56,1449.56,1443.73,663629982
06/06/2019,1435.90,1441.20,1430.84,1441.43,1430.84,654501195
05/06/2019,1431.18,1436.17,1435.90,1441.55,1432.67,652285676
04/06/2019,1419.08,1418.53,1431.18,1431.90,1417.74,651812995
03/06/2019,1415.67,1416.38,1419.08,1419.66,1408.11,646074759
02/06/2019,1434.90,1415.16,1415.67,1416.04,1408.73,643674208
30/05/2019,1429.83,1438.47,1434.90,1439.66,1427.60,653055222
29/05/2019,1448.21,1436.35,1429.83,1437.78,1426.21,649736128
28/05/2019,1449.27,1452.36,1448.21,1453.89,1443.84,659384535
27/05/2019,1454.33,1457.21,1449.27,1460.55,1448.61,660546022
26/05/2019,1448.11,1448.78,1454.33,1454.33,1444.22,662312828
23/05/2019,1463.90,1459.65,1448.11,1459.65,1447.52,660625315
22/05/2019,1453.82,1453.49,1463.90,1463.90,1451.52,667922274
21/05/2019,1443.81,1453.65,1453.82,1456.76,1447.63,663490461
20/05/2019,1453.72,1456.35,1443.81,1458.96,1436.92,657749237
19/05/2019,1452.69,1451.76,1453.72,1456.01,1449.89,661784202
16/05/2019,1430.59,1437.11,1452.69,1452.69,1434.98,661325275
15/05/2019,1436.03,1437.64,1430.59,1438.70,1421.85,651072642
14/05/2019,1420.05,1423.67,1436.03,1438.46,1423.67,656234338
13/05/2019,1452.89,1446.04,1420.05,1447.84,1419.83,649334223
12/05/2019,1459.58,1455.14,1452.89,1455.61,1450.14,663709142
07/05/2019,1448.68,1455.42,1459.58,1464.19,1453.55,670680522
06/05/2019,1461.44,1442.89,1448.68,1448.77,1438.82,666134602
05/05/2019,1457.44,1463.78,1461.44,1465.36,1455.58,672447200
02/05/2019,1466.26,1461.01,1457.44,1465.41,1452.88,670611453
01/05/2019,1468.61,1474.04,1466.26,1476.91,1461.64,674200006
30/04/2019,1487.20,1484.14,1468.61,1485.74,1467.35,675236679
29/04/2019,1494.75,1494.36,1487.20,1495.32,1487.20,683253085
28/04/2019,1484.62,1491.26,1494.75,1497.13,1491.26,687276715
24/04/2019,1470.05,1478.52,1484.62,1484.95,1475.87,681773199
23/04/2019,1461.54,1467.15,1470.05,1470.58,1464.53,675266870
22/04/2019,1468.25,1466.98,1461.54,1467.40,1459.20,670444917
21/04/2019,1460.06,1466.43,1468.25,1469.13,1466.43,673485522
18/04/2019,1469.28,1471.21,1460.06,1471.21,1456.40,669160734
17/04/2019,1479.44,1479.01,1469.28,1480.65,1467.64,673364147
16/04/2019,1471.78,1474.12,1479.44,1481.36,1474.12,678012651
15/04/2019,1472.72,1475.22,1471.78,1475.43,1471.03,675087341
14/04/2019,1461.96,1466.93,1472.72,1475.76,1466.93,675174621
11/04/2019,1455.19,1462.71,1461.96,1464.27,1455.16,670157729
10/04/2019,1442.30,1448.45,1455.19,1457.52,1447.53,666830191
08/04/2019,1434.31,1436.31,1442.30,1447.55,1433.22,662853548
07/04/2019,1423.55,1431.85,1434.31,1435.09,1428.63,660089974
04/04/2019,1434.72,1433.21,1423.55,1433.37,1423.55,655869578
03/04/2019,1430.40,1432.92,1434.72,1439.51,1430.76,656076815
02/04/2019,1430.44,1431.11,1430.40,1432.56,1425.71,657415218
01/04/2019,1418.03,1423.99,1430.44,1430.70,1423.99,657088732
31/03/2019,1404.39,1414.34,1418.03,1418.36,1414.20,652039474
28/03/2019,1415.34,1402.69,1404.39,1410.01,1402.69,646649128
27/03/2019,1412.66,1415.41,1415.34,1419.09,1409.95,652144852
26/03/2019,1392.89,1397.74,1412.66,1413.47,1397.18,650392205
25/03/2019,1401.39,1393.24,1392.89,1396.76,1389.49,642363987
24/03/2019,1419.08,1403.38,1401.39,1403.46,1397.76,646984067
20/03/2019,1424.46,1426.97,1419.08,1427.18,1416.23,655136570
19/03/2019,1425.04,1423.89,1424.46,1430.59,1420.46,657361774
18/03/2019,1428.19,1430.75,1425.04,1430.75,1421.68,657386274
17/03/2019,1418.25,1423.50,1428.19,1429.48,1422.52,658454669
14/03/2019,1423.57,1419.38,1418.25,1424.01,1413.68,654000713
13/03/2019,1407.34,1406.27,1423.57,1423.57,1404.77,655005781
12/03/2019,1412.23,1418.27,1407.34,1422.31,1407.34,647853879
11/03/2019,1404.17,1408.27,1412.23,1412.35,1402.32,650065107
10/03/2019,1408.20,1409.95,1404.17,1410.40,1403.56,646654558
07/03/2019,1428.84,1421.35,1408.20,1422.32,1408.20,648978823
06/03/2019,1432.15,1433.88,1428.84,1433.88,1428.44,657969600
05/03/2019,1444.56,1442.00,1432.15,1442.48,1430.15,658774321
04/03/2019,1438.70,1441.19,1444.56,1448.13,1441.13,665820887
03/03/2019,1431.31,1435.93,1438.70,1438.76,1435.48,662958777
28/02/2019,1425.21,1422.59,1431.31,1431.81,1417.76,659290231
27/02/2019,1440.08,1435.58,1425.21,1435.98,1423.07,657217972
26/02/2019,1445.49,1441.70,1440.08,1443.03,1435.77,663377958
25/02/2019,1434.08,1437.89,1445.49,1448.35,1437.85,669922581
24/02/2019,1428.72,1430.48,1434.08,1434.61,1429.89,664941606
21/02/2019,1436.34,1439.83,1428.72,1439.83,1426.72,663669823
20/02/2019,1426.77,1427.69,1436.34,1436.86,1427.69,667280758
19/02/2019,1428.92,1428.77,1426.77,1430.59,1423.69,663913708
18/02/2019,1427.96,1428.97,1428.92,1430.04,1427.08,666556651
17/02/2019,1418.98,1426.32,1427.96,1430.25,1426.32,665752356
14/02/2019,1420.81,1424.12,1418.98,1424.12,1414.28,661992051
13/02/2019,1413.19,1419.79,1420.81,1432.14,1415.94,665802947
12/02/2019,1406.26,1411.27,1413.19,1414.65,1410.89,665329039
11/02/2019,1401.13,1401.95,1406.26,1409.18,1401.18,661400838
10/02/2019,1401.35,1404.03,1401.13,1405.75,1400.35,657605608
07/02/2019,1414.91,1412.95,1401.35,1412.95,1398.48,658613941
06/02/2019,1422.30,1421.90,1414.91,1422.38,1414.91,665144915
05/02/2019,1414.45,1415.99,1422.30,1422.30,1415.53,668336877
04/02/2019,1415.30,1416.24,1414.45,1418.52,1413.27,664245688
03/02/2019,1413.16,1413.93,1415.30,1416.51,1411.27,666289019
31/01/2019,1403.34,1412.42,1413.16,1416.04,1408.76,665453236
30/01/2019,1395.07,1398.72,1403.34,1406.25,1396.51,661255532
29/01/2019,1391.02,1391.98,1395.07,1399.00,1391.40,657238942
28/01/2019,1388.55,1386.99,1391.02,1397.05,1385.26,655135811
27/01/2019,1381.80,1392.75,1388.55,1394.64,1388.55,653843241
24/01/2019,1375.70,1379.92,1381.80,1383.82,1376.41,651381982
23/01/2019,1369.73,1367.45,1375.70,1376.94,1364.20,649472887
22/01/2019,1373.92,1371.04,1369.73,1375.56,1368.68,645336051
21/01/2019,1381.77,1380.21,1373.92,1380.66,1373.38,647219295
20/01/2019,1368.52,1382.94,1381.77,1389.60,1381.77,650046576
17/01/2019,1368.66,1369.21,1368.52,1372.68,1364.59,643325417
16/01/2019,1357.49,1360.02,1368.66,1369.24,1360.02,644316570
15/01/2019,1348.04,1356.14,1357.49,1358.61,1352.21,638023542
14/01/2019,1354.39,1347.96,1348.04,1350.20,1344.39,633943077
13/01/2019,1360.30,1369.38,1354.39,1370.39,1354.39,636056147
10/01/2019,1367.06,1368.26,1360.30,1368.26,1355.69,638264509
09/01/2019,1364.19,1369.06,1367.06,1374.16,1366.37,640711992
08/01/2019,1353.21,1358.34,1364.19,1371.62,1357.37,640258735
07/01/2019,1346.94,1348.60,1353.21,1355.55,1343.04,635210421
06/01/2019,1320.16,1346.01,1346.94,1351.08,1343.89,632208971
03/01/2019,1334.20,1326.21,1320.16,1330.29,1320.16,618857424
02/01/2019,1348.90,1336.06,1334.20,1336.83,1325.38,616728774
01/01/2019,1333.18,1333.96,1348.90,1349.90,1333.96,623098169
31/12/2018,1331.34,1336.58,1333.18,1347.74,1333.01,616511567
30/12/2018,1314.10,1328.42,1331.34,1332.26,1322.73,615813569
27/12/2018,1316.10,1351.00,1314.10,1351.10,1313.52,608057757
26/12/2018,1312.12,1308.27,1316.10,1330.90,1307.62,607508890
25/12/2018,1287.62,1272.24,1312.12,1314.10,1252.64,606224032
24/12/2018,1314.81,1320.69,1287.62,1324.11,1282.45,595908422
23/12/2018,1380.00,1332.87,1314.81,1333.35,1298.93,607993122
20/12/2018,1407.92,1383.66,1380.00,1384.34,1376.84,638516767
19/12/2018,1398.75,1400.13,1407.92,1407.92,1397.03,654296403
18/12/2018,1411.78,1408.06,1398.75,1409.05,1395.15,656267201
17/12/2018,1415.69,1413.30,1411.78,1421.30,1407.71,663018658
16/12/2018,1441.70,1426.17,1415.69,1426.17,1415.69,666227795
13/12/2018,1440.03,1435.74,1441.70,1441.93,1434.60,673749680
12/12/2018,1440.25,1441.51,1440.03,1446.56,1438.70,672795423
11/12/2018,1430.49,1432.28,1440.25,1445.54,1432.28,672207517
10/12/2018,1440.86,1436.33,1430.49,1437.45,1426.82,666634116
09/12/2018,1444.07,1434.36,1440.86,1440.86,1433.47,674146103
06/12/2018,1480.56,1464.28,1444.07,1465.34,1444.07,677064527
05/12/2018,1472.21,1462.71,1480.56,1480.55,1461.86,638483321
04/12/2018,1491.08,1484.79,1472.21,1484.79,1471.30,647906628
03/12/2018,1489.43,1497.27,1491.08,1499.51,1489.61,656343553
02/12/2018,1468.56,1481.98,1489.43,1489.49,1481.59,655664851
29/11/2018,1472.36,1476.81,1468.56,1479.37,1468.56,647539131
28/11/2018,1460.89,1467.64,1472.36,1475.56,1465.51,649243564
27/11/2018,1458.90,1463.13,1460.89,1467.75,1457.45,644290386
26/11/2018,1439.88,1446.81,1458.90,1458.90,1446.52,644479197
25/11/2018,1447.31,1444.18,1439.88,1447.23,1436.60,637069432
22/11/2018,1456.77,1459.20,1447.31,1459.29,1444.20,639992849
21/11/2018,1449.55,1452.92,1456.77,1457.42,1450.52,644574962
20/11/2018,1473.50,1459.72,1449.55,1467.15,1446.28,641559988
19/11/2018,1476.57,1476.55,1473.50,1481.97,1472.91,651081128
18/11/2018,1472.02,1477.67,1476.57,1482.79,1475.70,653138101
15/11/2018,1474.52,1477.58,1472.02,1480.25,1469.53,651435286
14/11/2018,1484.21,1481.77,1474.52,1484.23,1472.77,655049854
13/11/2018,1480.69,1480.94,1484.21,1487.73,1479.21,659711988
12/11/2018,1489.68,1493.08,1480.69,1497.59,1476.47,657890423
11/11/2018,1493.38,1489.56,1489.68,1494.12,1488.39,660813142
08/11/2018,1488.14,1485.86,1493.38,1500.21,1485.86,662037057
07/11/2018,1464.22,1465.65,1488.14,1488.14,1464.14,661011464
06/11/2018,1455.33,1460.67,1464.22,1464.22,1456.41,650371485
05/11/2018,1456.62,1455.37,1455.33,1460.93,1453.41,644914364
04/11/2018,1458.22,1461.86,1456.62,1462.03,1453.03,645085340
01/11/2018,1436.97,1439.11,1458.22,1458.22,1437.73,645432387
31/10/2018,1422.80,1432.68,1436.97,1438.17,1429.51,632072576
29/10/2018,1420.45,1423.16,1422.80,1432.51,1422.80,626853440
28/10/2018,1417.96,1414.39,1420.45,1423.51,1413.99,624220155
25/10/2018,1436.88,1410.63,1417.96,1423.45,1404.58,624253881
24/10/2018,1428.65,1436.05,1436.88,1444.23,1430.63,633825630
23/10/2018,1454.64,1436.99,1428.65,1443.05,1428.65,629223978
22/10/2018,1454.01,1461.92,1454.64,1471.31,1454.64,641205950
21/10/2018,1462.92,1459.69,1454.01,1460.07,1451.66,641268770
18/10/2018,1455.42,1453.30,1462.92,1462.92,1452.54,645135545
17/10/2018,1456.36,1460.15,1455.42,1462.62,1451.06,640416098
16/10/2018,1437.51,1442.81,1456.36,1456.36,1442.10,643317124
15/10/2018,1443.23,1437.09,1437.51,1443.18,1431.38,634238831
14/10/2018,1435.24,1444.12,1443.23,1449.56,1442.33,635728783
11/10/2018,1450.53,1425.21,1435.24,1440.40,1417.27,630862641
10/10/2018,1470.14,1470.21,1450.53,1472.27,1447.84,637770102
09/10/2018,1468.29,1466.96,1470.14,1475.45,1465.14,646152232
08/10/2018,1475.14,1474.98,1468.29,1474.98,1462.08,646084785
07/10/2018,1480.26,1470.95,1475.14,1475.23,1468.07,648848150
04/10/2018,1499.49,1488.59,1480.26,1491.15,1480.26,651347393
03/10/2018,1491.81,1494.93,1499.49,1501.37,1494.03,681668725
02/10/2018,1484.82,1485.24,1491.81,1492.13,1482.81,678105889
27/09/2018,1493.16,1476.14,1484.82,1485.96,1476.14,676142567
26/09/2018,1503.85,1500.92,1493.16,1503.11,1493.16,681622963
25/09/2018,1505.04,1505.74,1503.85,1510.81,1500.66,687982486
20/09/2018,1493.93,1499.54,1505.04,1505.90,1497.82,690101252
17/09/2018,1486.42,1486.33,1493.93,1494.97,1485.24,684880953
16/09/2018,1465.79,1476.87,1486.42,1486.42,1475.93,681537805
13/09/2018,1468.69,1465.04,1465.79,1477.45,1465.04,668995587
12/09/2018,1470.60,1472.39,1468.69,1479.39,1467.26,668389767
06/09/2018,1467.33,1465.92,1470.60,1474.55,1465.90,670679720
05/09/2018,1486.28,1482.51,1467.33,1482.63,1466.80,670415784
04/09/2018,1497.74,1501.07,1486.28,1501.11,1484.23,678585593
03/09/2018,1501.03,1500.37,1497.74,1502.40,1496.56,684658653
02/09/2018,1492.97,1491.62,1501.03,1501.09,1491.32,685430495
30/08/2018,1489.24,1488.97,1492.97,1493.83,1485.53,683257485
29/08/2018,1483.09,1483.20,1489.24,1491.51,1483.20,681475400
28/08/2018,1486.02,1485.46,1483.09,1489.97,1480.74,679120589
27/08/2018,1474.19,1477.74,1486.02,1486.36,1476.53,679835959
26/08/2018,1468.71,1475.63,1474.19,1478.28,1468.61,675641016
23/08/2018,1454.05,1459.69,1468.71,1468.84,1458.24,675737015
22/08/2018,1452.18,1449.48,1454.05,1455.02,1448.91,670241564
21/08/2018,1445.12,1447.03,1452.18,1460.35,1446.97,671713970
20/08/2018,1428.15,1433.59,1445.12,1446.34,1429.46,668804637
19/08/2018,1418.09,1426.47,1428.15,1428.62,1425.76,659728828
16/08/2018,1403.61,1409.55,1418.09,1419.42,1407.92,652446127
15/08/2018,1411.72,1414.22,1403.61,1415.48,1402.20,643791694
14/08/2018,1413.47,1415.91,1411.72,1420.16,1409.78,647095886
13/08/2018,1419.15,1415.54,1413.47,1416.26,1407.94,649114908
12/08/2018,1421.08,1419.20,1419.15,1420.33,1416.66,651989248
09/08/2018,1427.00,1421.12,1421.08,1423.10,1415.76,653463107
08/08/2018,1431.21,1432.10,1427.00,1433.15,1426.34,657894771
07/08/2018,1429.49,1431.51,1431.21,1432.13,1429.05,660379957
06/08/2018,1429.22,1429.12,1429.49,1431.17,1426.95,658017962
05/08/2018,1407.36,1418.96,1429.22,1433.40,1418.96,657044678
02/08/2018,1413.49,1410.04,1407.36,1412.12,1406.00,647194791
01/08/2018,1407.97,1411.20,1413.49,1413.49,1399.92,654985863
31/07/2018,1407.03,1408.17,1407.97,1411.94,1407.11,653435203
30/07/2018,1402.53,1400.78,1407.03,1412.08,1400.55,652513313
29/07/2018,1407.46,1401.03,1402.53,1404.62,1400.40,649078805
26/07/2018,1401.95,1412.49,1407.46,1412.49,1404.70,652285876
25/07/2018,1395.38,1393.58,1401.95,1402.13,1393.07,648899885
24/07/2018,1382.53,1386.68,1395.38,1396.91,1386.63,645834924
23/07/2018,1382.20,1382.45,1382.53,1383.62,1378.79,639912052
19/07/2018,1384.84,1382.25,1382.20,1385.46,1382.17,639613141
18/07/2018,1383.11,1387.11,1384.84,1387.50,1384.84,641941929
17/07/2018,1382.95,1382.15,1383.11,1383.40,1380.35,641391711
16/07/2018,1385.52,1385.03,1382.95,1389.49,1382.55,641234296
15/07/2018,1385.04,1384.70,1385.52,1388.77,1383.86,643073633
12/07/2018,1376.86,1381.33,1385.04,1385.19,1377.73,644136385
11/07/2018,1380.66,1376.31,1376.86,1377.10,1372.14,640345752
10/07/2018,1372.61,1374.04,1380.66,1380.70,1373.05,643723069
09/07/2018,1370.08,1371.42,1372.61,1375.55,1371.42,639735575
08/07/2018,1363.55,1369.96,1370.08,1372.46,1369.96,637937279
05/07/2018,1366.32,1366.73,1363.55,1367.94,1360.58,636041718
04/07/2018,1368.60,1366.67,1366.32,1370.35,1365.54,639317277
03/07/2018,1361.39,1364.97,1368.60,1369.97,1364.63,640538085
02/07/2018,1366.34,1359.44,1361.39,1362.15,1357.42,635925580
01/07/2018,1362.60,1366.31,1366.34,1368.55,1366.07,638626789
28/06/2018,1372.68,1366.67,1362.60,1368.09,1361.75,635862133
27/06/2018,1372.55,1373.91,1372.68,1376.02,1364.19,640162216
26/06/2018,1371.35,1373.76,1372.55,1374.84,1371.24,638406840
25/06/2018,1383.94,1383.00,1371.35,1383.00,1371.03,638734921
24/06/2018,1377.60,1376.89,1383.94,1384.57,1376.73,644759525
21/06/2018,1386.28,1388.82,1377.60,1389.32,1377.60,642494454
20/06/2018,1376.08,1381.03,1386.28,1388.17,1380.56,646576853
19/06/2018,1383.54,1375.97,1376.08,1378.64,1373.12,640464232
18/06/2018,1392.16,1390.46,1383.54,1390.46,1379.20,644059623
17/06/2018,1392.83,1390.23,1392.16,1392.94,1390.00,646848163
14/06/2018,1392.62,1387.75,1392.83,1393.83,1386.87,647633546
13/06/2018,1391.36,1395.04,1392.62,1395.23,1390.38,648039230
12/06/2018,1392.45,1395.64,1391.36,1397.46,1391.27,646270060
11/06/2018,1387.29,1388.67,1392.45,1393.50,1387.93,644934451
10/06/2018,1388.14,1390.26,1387.29,1390.77,1385.85,642136383
07/06/2018,1382.03,1387.64,1388.14,1389.30,1385.28,639786979
06/06/2018,1385.08,1384.83,1382.03,1386.95,1380.47,636009322
05/06/2018,1376.86,1376.29,1385.08,1385.41,1375.48,638109138
04/06/2018,1371.49,1372.38,1376.86,1378.09,1371.16,634598802
03/06/2018,1365.05,1370.91,1371.49,1372.86,1370.28,633578316
31/05/2018,1364.31,1368.09,1365.05,1369.23,1362.06,630842058
30/05/2018,1360.52,1361.04,1364.31,1366.37,1360.14,631437887
29/05/2018,1370.11,1364.63,1360.52,1365.83,1357.54,630029500
28/05/2018,1372.47,1374.42,1370.11,1375.03,1368.41,635722973
27/05/2018,1362.70,1369.23,1372.47,1373.91,1369.23,636490873
24/05/2018,1359.19,1370.95,1362.70,1370.95,1362.36,631287295
23/05/2018,1368.24,1365.02,1359.19,1365.03,1353.77,629789584
22/05/2018,1373.38,1373.16,1368.24,1373.16,1367.92,633123500
21/05/2018,1362.90,1367.74,1373.38,1375.51,1366.70,635390640
17/05/2018,1352.73,1355.26,1362.90,1362.90,1351.96,630553282
16/05/2018,1344.98,1348.09,1352.73,1353.65,1346.62,625905111
15/05/2018,1341.24,1339.62,1344.98,1349.72,1338.93,621193304
14/05/2018,1340.72,1340.22,1341.24,1343.19,1334.57,619224401
13/05/2018,1329.25,1338.49,1340.72,1341.34,1338.49,617753566
10/05/2018,1327.08,1329.57,1329.25,1332.89,1326.10,612153156
09/05/2018,1323.12,1323.45,1327.08,1329.37,1321.10,610864178
08/05/2018,1334.32,1332.64,1323.12,1332.84,1323.12,609445995
07/05/2018,1336.33,1338.66,1334.32,1340.55,1329.15,614029792
06/05/2018,1328.09,1335.80,1336.33,1339.48,1335.80,613080826
03/05/2018,1333.70,1332.54,1328.09,1336.96,1328.09,612216859
02/05/2018,1325.22,1328.56,1333.70,1334.28,1328.42,608087226
01/05/2018,1327.95,1324.47,1325.22,1332.60,1322.71,604754723
30/04/2018,1337.65,1335.74,1327.95,1337.84,1323.49,605328546
29/04/2018,1331.40,1337.56,1337.65,1341.05,1334.62,608867422
26/04/2018,1325.84,1334.33,1331.40,1335.75,1327.89,605267596
25/04/2018,1343.45,1334.21,1325.84,1334.21,1325.49,603001152
24/04/2018,1344.40,1344.51,1343.45,1348.40,1342.88,612507491
23/04/2018,1351.35,1349.34,1344.40,1350.04,1336.27,611431657
22/04/2018,1346.37,1344.89,1351.35,1351.35,1341.91,614487818
17/04/2018,1341.14,1348.16,1346.37,1348.93,1340.22,611317136
16/04/2018,1334.67,1335.24,1341.14,1342.06,1332.51,610174780
15/04/2018,1327.27,1324.42,1334.67,1335.53,1319.57,608230193
12/04/2018,1308.88,1315.63,1327.27,1327.27,1312.34,605313442
11/04/2018,1313.14,1311.41,1308.88,1312.36,1299.83,597388752
10/04/2018,1293.72,1303.90,1313.14,1313.14,1303.52,599758552
09/04/2018,1290.21,1294.70,1293.72,1298.21,1289.33,590086619
08/04/2018,1269.34,1273.68,1290.21,1293.25,1270.51,588431215
04/04/2018,1298.88,1299.33,1269.34,1299.90,1265.99,579080118
03/04/2018,1308.08,1302.74,1298.88,1302.96,1293.05,592038034
02/04/2018,1316.06,1313.47,1308.08,1313.79,1306.59,596759765
01/04/2018,1310.48,1316.60,1316.06,1318.85,1315.39,600608083
29/03/2018,1308.31,1309.58,1310.48,1314.28,1307.06,598696022
28/03/2018,1322.07,1313.81,1308.31,1313.81,1305.96,597373774
27/03/2018,1310.13,1319.15,1322.07,1327.28,1319.15,602073535
26/03/2018,1297.79,1305.62,1310.13,1316.08,1305.62,596400916
25/03/2018,1335.08,1313.67,1297.79,1313.67,1295.06,591041127
22/03/2018,1349.10,1344.82,1335.08,1346.27,1334.93,608302616
21/03/2018,1351.40,1351.15,1349.10,1351.26,1346.10,614772787
20/03/2018,1347.61,1347.79,1351.40,1354.08,1347.40,615944742
19/03/2018,1361.47,1359.53,1347.61,1360.22,1347.13,615756473
18/03/2018,1365.30,1366.14,1361.47,1367.16,1359.98,622873253
15/03/2018,1359.06,1364.28,1365.30,1365.30,1361.48,624124222
14/03/2018,1361.85,1359.28,1359.06,1366.12,1359.06,623170352
13/03/2018,1352.27,1355.91,1361.85,1364.72,1353.98,625298759
12/03/2018,1353.96,1357.82,1352.27,1359.65,1352.27,621086464
11/03/2018,1342.69,1351.79,1353.96,1355.56,1351.79,621200719
08/03/2018,1342.18,1345.47,1342.69,1346.05,1341.63,616374103
07/03/2018,1344.86,1340.08,1342.18,1342.18,1334.46,615662928
06/03/2018,1339.26,1345.05,1344.86,1348.66,1343.58,620072197
05/03/2018,1348.54,1341.80,1339.26,1345.67,1336.62,618019487
04/03/2018,1361.99,1352.80,1348.54,1352.80,1348.31,621827750
28/02/2018,1371.20,1368.18,1361.99,1368.18,1361.21,627508895
27/02/2018,1368.95,1372.07,1371.20,1372.82,1369.31,634003227
26/02/2018,1369.00,1369.74,1368.95,1373.42,1368.95,633510466
25/02/2018,1362.09,1370.13,1369.00,1372.80,1368.76,634325410
22/02/2018,1366.77,1363.97,1362.09,1365.04,1355.23,631322042
21/02/2018,1364.07,1361.52,1366.77,1367.08,1354.79,632233422
20/02/2018,1373.20,1371.34,1364.07,1371.81,1359.90,632373777
19/02/2018,1363.17,1363.85,1373.20,1375.27,1363.78,636633161
18/02/2018,1354.87,1358.55,1363.17,1364.05,1357.96,631863266
15/02/2018,1340.76,1351.60,1354.87,1357.80,1351.34,628964782
14/02/2018,1332.00,1338.23,1340.76,1345.44,1333.49,618539834
13/02/2018,1331.88,1333.71,1332.00,1335.38,1325.93,614211059
12/02/2018,1325.89,1329.47,1331.88,1340.74,1329.47,614163558
11/02/2018,1341.83,1334.71,1325.89,1336.08,1325.49,610385268
08/02/2018,1358.24,1357.12,1341.83,1357.61,1340.73,619299270
07/02/2018,1343.63,1347.50,1358.24,1359.83,1344.88,629949100
06/02/2018,1366.85,1329.88,1343.63,1352.21,1317.97,622135097
05/02/2018,1376.62,1378.08,1366.85,1378.57,1359.58,632470908
04/02/2018,1403.44,1382.79,1376.62,1382.79,1376.17,637105426
01/02/2018,1408.47,1407.47,1403.44,1410.89,1398.62,649470805
31/01/2018,1400.98,1402.14,1408.47,1409.06,1402.04,733131991
30/01/2018,1410.34,1407.22,1400.98,1407.22,1397.23,730376013
29/01/2018,1415.40,1412.82,1410.34,1414.64,1407.91,740660445
28/01/2018,1403.89,1413.44,1415.40,1416.41,1412.97,741830640
25/01/2018,1401.02,1397.61,1403.89,1407.74,1394.68,736823005
24/01/2018,1397.69,1398.31,1401.02,1401.02,1395.87,736525867
23/01/2018,1394.50,1398.68,1397.69,1400.80,1394.78,735494176
22/01/2018,1388.01,1390.66,1394.50,1394.55,1388.84,733403874
21/01/2018,1390.61,1393.03,1388.01,1394.76,1387.24,729138538
18/01/2018,1392.90,1399.22,1390.61,1399.60,1389.49,728745382
17/01/2018,1399.92,1392.95,1392.90,1394.57,1388.34,733459721
16/01/2018,1399.18,1402.43,1399.92,1404.51,1398.29,738654810
15/01/2018,1402.86,1403.60,1399.18,1403.71,1396.98,736922387
14/01/2018,1392.41,1400.62,1402.86,1404.22,1400.62,739044601
11/01/2018,1380.00,1380.18,1392.41,1392.41,1380.18,731178490
10/01/2018,1392.62,1391.45,1380.00,1391.51,1377.92,720375320
09/01/2018,1391.05,1392.57,1392.62,1396.46,1390.32,726676839
08/01/2018,1396.49,1398.34,1391.05,1398.85,1387.24,725234805
07/01/2018,1392.76,1397.86,1396.49,1405.99,1394.50,726445548
04/01/2018,1382.63,1384.47,1392.76,1392.76,1383.86,723722394
03/01/2018,1385.86,1386.89,1382.63,1388.67,1379.54,719089170
02/01/2018,1378.25,1380.97,1385.86,1385.86,1379.15,721132664
01/01/2018,1364.36,1366.53,1378.25,1379.15,1366.41,716110031
31/12/2017,1366.22,1364.74,1364.36,1365.09,1361.47,709148356
28/12/2017,1360.56,1362.80,1366.22,1366.42,1361.15,709864646
27/12/2017,1359.82,1360.82,1360.56,1362.30,1355.13,708507019
26/12/2017,1358.77,1359.61,1359.82,1361.25,1356.06,708319572
25/12/2017,1363.68,1365.40,1358.77,1365.87,1357.92,707316104
24/12/2017,1344.17,1352.38,1363.68,1363.68,1352.16,710174613
21/12/2017,1338.48,1337.46,1344.17,1345.49,1336.48,698233313
20/12/2017,1334.19,1331.98,1338.48,1344.10,1331.98,695755906
19/12/2017,1333.77,1334.50,1334.19,1335.89,1332.22,694378881
18/12/2017,1328.88,1330.53,1333.77,1335.69,1329.99,693642059
17/12/2017,1325.91,1329.71,1328.88,1330.76,1327.69,690688867
14/12/2017,1323.73,1325.10,1325.91,1326.67,1309.97,690498713
13/12/2017,1328.28,1327.44,1323.73,1329.10,1322.99,684909921
12/12/2017,1325.79,1326.01,1328.28,1329.52,1325.13,688531748
11/12/2017,1320.15,1320.40,1325.79,1328.39,1320.26,685556412
10/12/2017,1315.99,1326.33,1320.15,1326.92,1318.84,681952108
07/12/2017,1318.22,1316.02,1315.99,1320.98,1311.96,675232253
06/12/2017,1329.06,1325.12,1318.22,1325.71,1318.22,676551944
05/12/2017,1334.07,1332.14,1329.06,1334.19,1327.16,683165150
04/12/2017,1338.79,1340.19,1334.07,1343.45,1333.81,686926893
03/12/2017,1329.81,1337.30,1338.79,1342.37,1335.51,690011522
30/11/2017,1324.24,1329.15,1329.81,1337.52,1325.11,682979498
29/11/2017,1323.51,1326.90,1324.24,1330.34,1324.24,682085611
28/11/2017,1316.11,1317.15,1323.51,1324.47,1313.11,680072760
27/11/2017,1320.25,1321.45,1316.11,1321.75,1314.75,675991364
26/11/2017,1313.40,1313.34,1320.25,1323.11,1312.57,678680090
23/11/2017,1301.89,1299.65,1313.40,1313.40,1296.26,676710239
22/11/2017,1301.09,1303.91,1301.89,1305.20,1301.29,670418776
21/11/2017,1294.06,1295.07,1301.09,1301.55,1292.97,669156283
20/11/2017,1292.01,1289.08,1294.06,1298.04,1288.45,666179114
19/11/2017,1289.37,1291.84,1292.01,1293.10,1289.34,666580530
16/11/2017,1283.80,1288.34,1289.37,1290.07,1284.93,663362722
15/11/2017,1293.12,1290.60,1283.80,1290.60,1282.09,660182631
14/11/2017,1297.01,1295.93,1293.12,1297.72,1292.57,664330952
13/11/2017,1298.49,1299.53,1297.01,1301.42,1290.27,667398675
12/11/2017,1293.64,1297.50,1298.49,1301.82,1297.24,667860612
09/11/2017,1298.57,1301.44,1293.64,1302.64,1278.54,665477022
08/11/2017,1301.35,1300.69,1298.57,1300.89,1297.76,665001910
07/11/2017,1304.25,1306.86,1301.35,1308.01,1301.35,668097044
06/11/2017,1303.10,1301.46,1304.25,1307.35,1301.14,668638634
05/11/2017,1304.59,1307.66,1303.10,1309.51,1302.78,666150982
02/11/2017,1317.10,1312.89,1304.59,1313.03,1301.53,668210583
01/11/2017,1315.21,1318.85,1317.10,1320.04,1315.24,679839069
31/10/2017,1315.29,1315.08,1315.21,1317.80,1312.89,676754420
30/10/2017,1317.52,1315.07,1315.29,1317.25,1312.80,680064415
29/10/2017,1311.46,1317.69,1317.52,1319.69,1317.05,679650446
26/10/2017,1309.93,1313.09,1311.46,1313.59,1309.39,678733229
25/10/2017,1313.58,1313.77,1309.93,1314.42,1309.93,677909627
24/10/2017,1314.29,1314.39,1313.58,1316.42,1313.51,680661578
23/10/2017,1318.80,1320.73,1314.29,1321.33,1314.00,681767939
22/10/2017,1309.88,1318.33,1318.80,1321.94,1318.33,684274501
19/10/2017,1321.85,1320.46,1309.88,1320.79,1308.15,679131117
18/10/2017,1316.31,1318.69,1321.85,1323.64,1317.72,686066386
17/10/2017,1313.49,1315.92,1316.31,1317.97,1313.94,683765262
16/10/2017,1319.52,1319.77,1313.49,1321.74,1313.49,682741513
15/10/2017,1312.07,1314.43,1319.52,1320.31,1313.94,682906384
10/10/2017,1315.71,1316.00,1312.07,1316.00,1311.59,681344051
09/10/2017,1317.17,1318.11,1315.71,1319.96,1315.28,683651419
08/10/2017,1305.47,1312.62,1317.17,1318.06,1312.61,684063837
03/10/2017,1302.60,1304.92,1305.47,1307.90,1303.89,679179404
02/10/2017,1300.70,1302.63,1302.60,1303.60,1299.35,677782650
01/10/2017,1292.44,1298.46,1300.70,1302.04,1298.46,674015251
28/09/2017,1291.24,1298.51,1292.44,1298.51,1289.89,670457052
27/09/2017,1291.26,1291.44,1291.24,1294.61,1291.24,671656132
26/09/2017,1291.12,1289.32,1291.26,1294.16,1288.69,670828087
25/09/2017,1292.43,1293.22,1291.12,1294.08,1289.32,670908976
24/09/2017,1295.33,1293.61,1292.43,1294.51,1290.41,669815109
19/09/2017,1297.97,1297.41,1295.33,1299.34,1294.23,672622756
18/09/2017,1287.15,1292.16,1297.97,1299.64,1291.40,675315395
17/09/2017,1284.42,1284.60,1287.15,1288.62,1284.60,671428680
14/09/2017,1285.24,1284.81,1284.42,1288.32,1282.69,672751146
13/09/2017,1280.41,1280.22,1285.24,1285.44,1278.94,675113012
12/09/2017,1273.77,1276.52,1280.41,1282.41,1276.52,672340172
11/09/2017,1258.69,1263.89,1273.77,1274.71,1263.89,664602315
10/09/2017,1260.41,1256.69,1258.69,1259.26,1254.39,651584436
07/09/2017,1265.72,1266.54,1260.41,1266.67,1260.31,654019699
06/09/2017,1266.83,1264.70,1265.72,1268.90,1262.18,654821203
05/09/2017,1263.29,1263.36,1266.83,1270.05,1262.94,655761535
04/09/2017,1256.30,1260.94,1263.29,1263.90,1258.53,655591276
03/09/2017,1271.11,1266.77,1256.30,1267.86,1252.52,650753364
31/08/2017,1262.51,1267.10,1271.11,1271.74,1264.06,659284061
30/08/2017,1253.47,1261.26,1262.51,1263.26,1257.42,652261362
29/08/2017,1264.10,1260.61,1253.47,1260.66,1248.77,649118973
28/08/2017,1261.67,1260.78,1264.10,1266.65,1257.35,654694837
27/08/2017,1263.80,1263.96,1261.67,1264.47,1259.64,655632640
24/08/2017,1262.58,1265.49,1263.80,1267.17,1262.96,656847052
23/08/2017,1270.75,1271.87,1262.58,1272.96,1262.52,658183720
22/08/2017,1259.60,1265.39,1270.75,1270.97,1263.27,662573816
21/08/2017,1256.40,1254.08,1259.60,1266.00,1251.88,659816025
20/08/2017,1260.11,1254.83,1256.40,1256.45,1253.57,659528810
17/08/2017,1265.05,1263.82,1260.11,1264.50,1258.38,661909938
16/08/2017,1258.57,1261.08,1265.05,1266.49,1259.59,665004022
15/08/2017,1257.98,1259.08,1258.57,1263.42,1254.06,660324529
14/08/2017,1236.29,1240.74,1257.98,1258.68,1240.15,660105472
13/08/2017,1234.61,1232.96,1236.29,1240.02,1230.33,651290256
10/08/2017,1248.14,1226.57,1234.61,1242.28,1226.57,651743729
09/08/2017,1260.49,1253.54,1248.14,1254.10,1244.16,658589760
08/08/2017,1265.01,1263.24,1260.49,1269.42,1257.95,664957050
07/08/2017,1264.19,1267.57,1265.01,1269.71,1248.20,670800238
06/08/2017,1277.62,1267.65,1264.19,1269.77,1261.32,669808672
03/08/2017,1289.89,1287.41,1277.62,1289.37,1277.62,695509060
02/08/2017,1296.95,1298.58,1289.89,1299.62,1289.89,714111292
31/07/2017,1298.85,1299.18,1296.95,1300.92,1296.04,721902512
30/07/2017,1302.23,1301.42,1298.85,1301.75,1296.96,722131909
27/07/2017,1303.59,1305.98,1302.23,1306.27,1301.67,724227025
26/07/2017,1305.05,1305.85,1303.59,1306.45,1301.31,725115523
25/07/2017,1300.82,1302.32,1305.05,1305.08,1301.11,726216592
24/07/2017,1302.12,1301.04,1300.82,1303.01,1298.94,723691158
23/07/2017,1307.43,1308.23,1302.12,1308.23,1299.21,723891608
20/07/2017,1307.06,1309.75,1307.43,1311.81,1307.43,726879864
19/07/2017,1306.20,1309.93,1307.06,1310.98,1305.64,723126219
18/07/2017,1311.10,1311.20,1306.20,1312.92,1305.02,722666205
17/07/2017,1315.66,1315.15,1311.10,1317.34,1307.72,727217235
16/07/2017,1310.85,1314.79,1315.66,1320.43,1314.78,730014314
13/07/2017,1302.47,1305.51,1310.85,1321.97,1302.61,729768996
12/07/2017,1297.12,1297.72,1302.47,1302.47,1297.34,720056647
11/07/2017,1298.62,1300.36,1297.12,1301.54,1295.38,717354628
10/07/2017,1297.10,1297.64,1298.62,1301.42,1297.04,718747677
09/07/2017,1288.83,1293.40,1297.10,1297.10,1293.30,717990690
06/07/2017,1292.92,1292.52,1288.83,1294.74,1287.74,715811290
05/07/2017,1293.93,1294.34,1292.92,1297.67,1292.92,719355837
04/07/2017,1293.70,1290.76,1293.93,1294.83,1290.58,721802969
03/07/2017,1291.50,1293.19,1293.70,1295.90,1291.89,721016626
02/07/2017,1288.88,1288.50,1291.50,1292.54,1288.50,719693886
29/06/2017,1290.08,1298.32,1288.88,1298.49,1287.73,716754521
28/06/2017,1292.19,1285.83,1290.08,1291.33,1282.69,716863922
27/06/2017,1297.87,1295.38,1292.19,1295.47,1290.00,718115242
26/06/2017,1296.91,1297.57,1297.87,1299.41,1295.12,721857053
25/06/2017,1292.38,1296.52,1296.91,1299.23,1294.11,719831191
22/06/2017,1296.58,1297.20,1292.38,1297.46,1292.27,715289431
21/06/2017,1295.55,1292.03,1296.58,1296.77,1287.16,715947802
20/06/2017,1298.95,1296.39,1295.55,1301.79,1293.23,713909311
19/06/2017,1287.27,1289.32,1298.95,1299.52,1289.32,715213407
18/06/2017,1283.19,1283.82,1287.27,1288.52,1283.02,709261336
15/06/2017,1292.44,1291.85,1283.19,1291.85,1279.20,708602716
14/06/2017,1288.88,1289.91,1292.44,1292.64,1288.78,710314062
13/06/2017,1280.33,1283.40,1288.88,1290.75,1282.32,709706281
12/06/2017,1290.99,1289.82,1280.33,1291.18,1279.18,708072992
11/06/2017,1290.99,1288.87,1290.99,1292.03,1288.07,712896353
08/06/2017,1295.39,1295.06,1290.99,1295.32,1289.15,708458335
07/06/2017,1292.64,1294.28,1295.39,1296.03,1292.85,710121697
06/06/2017,1298.55,1296.48,1292.64,1297.68,1290.30,709065090
05/06/2017,1301.01,1301.33,1298.55,1301.84,1296.34,712862743
04/06/2017,1294.46,1303.36,1301.01,1304.84,1299.49,715736042
01/06/2017,1295.82,1295.98,1294.46,1296.33,1292.02,716408756
29/05/2017,1296.77,1297.63,1295.82,1300.13,1295.58,715295270
28/05/2017,1301.73,1300.34,1296.77,1302.83,1296.15,714934140
25/05/2017,1299.05,1301.06,1301.73,1303.96,1298.10,718621899
24/05/2017,1299.65,1300.63,1299.05,1301.47,1296.62,718602807
23/05/2017,1297.33,1296.46,1299.65,1300.32,1295.18,719974987
22/05/2017,1292.17,1294.24,1297.33,1299.27,1291.61,720554064
21/05/2017,1282.08,1288.14,1292.17,1294.98,1287.20,717938623
18/05/2017,1291.02,1291.37,1282.08,1291.37,1275.80,713616066
17/05/2017,1305.80,1301.73,1291.02,1301.73,1289.79,722233099
16/05/2017,1303.99,1303.85,1305.80,1308.30,1303.02,732900290
15/05/2017,1303.50,1306.68,1303.99,1306.84,1299.24,730558517
14/05/2017,1295.37,1298.87,1303.50,1305.12,1298.87,730967921
11/05/2017,1292.19,1297.22,1295.37,1297.89,1294.01,722967188
10/05/2017,1297.30,1296.08,1292.19,1298.74,1290.60,720020288
09/05/2017,1289.80,1292.24,1297.30,1297.30,1291.91,723964390
08/05/2017,1288.78,1287.80,1289.80,1290.89,1285.20,721109217
07/05/2017,1275.65,1279.34,1288.78,1289.14,1278.41,720394599
04/05/2017,1271.76,1274.29,1275.65,1279.18,1272.30,714180780
03/05/2017,1265.22,1267.35,1271.76,1273.16,1266.72,712449337
30/04/2017,1271.40,1268.99,1265.22,1270.55,1263.63,711453806
27/04/2017,1274.66,1274.69,1271.40,1274.81,1269.47,713676212
26/04/2017,1267.42,1268.93,1274.66,1274.66,1265.81,714855306
25/04/2017,1265.44,1267.12,1267.42,1268.80,1262.94,707760016
24/04/2017,1251.16,1261.84,1265.44,1267.63,1261.84,710637400
23/04/2017,1258.82,1255.71,1251.16,1256.89,1248.33,701565445
20/04/2017,1255.42,1255.75,1258.82,1260.45,1252.31,704999828
19/04/2017,1245.64,1244.96,1255.42,1255.42,1243.76,704761975
18/04/2017,1244.78,1249.46,1245.64,1252.86,1241.85,703276544
13/04/2017,1258.56,1258.16,1244.78,1259.18,1240.51,703159033
12/04/2017,1258.90,1257.76,1258.56,1261.57,1257.16,710465917
09/04/2017,1262.25,1261.75,1258.90,1262.53,1256.90,713166517
06/04/2017,1268.18,1260.79,1262.25,1264.95,1258.11,713320490
05/04/2017,1253.97,1255.88,1268.18,1268.18,1253.31,716320119
04/04/2017,1252.13,1253.02,1253.97,1257.69,1250.04,709787239
03/04/2017,1253.01,1254.98,1252.13,1257.05,1251.04,707739737
02/04/2017,1251.54,1245.47,1253.01,1254.03,1245.47,707234425
30/03/2017,1252.73,1247.35,1251.54,1251.54,1246.73,710988823
29/03/2017,1254.22,1256.39,1252.73,1258.00,1250.69,712926392
28/03/2017,1247.14,1254.60,1254.22,1257.25,1250.54,714467318
27/03/2017,1256.50,1250.18,1247.14,1250.19,1243.36,709627394
26/03/2017,1266.08,1262.50,1256.50,1265.37,1255.47,715204935
23/03/2017,1264.16,1259.80,1266.08,1267.58,1259.80,722233752
22/03/2017,1263.38,1254.62,1264.16,1265.71,1253.79,720322539
21/03/2017,1271.12,1272.52,1263.38,1277.30,1262.69,720691961
20/03/2017,1265.39,1267.73,1271.12,1272.40,1264.65,725429256
19/03/2017,1272.48,1270.74,1265.39,1271.49,1263.88,722958806
16/03/2017,1279.83,1288.66,1272.48,1288.66,1269.61,727102833
15/03/2017,1279.30,1280.33,1279.83,1282.78,1277.65,732841408
14/03/2017,1282.56,1283.19,1279.30,1283.81,1276.41,730978224
13/03/2017,1281.42,1281.87,1282.56,1283.36,1279.52,732150657
09/03/2017,1280.70,1277.12,1281.42,1282.68,1276.61,731937563
08/03/2017,1273.32,1274.41,1280.70,1281.75,1274.06,731376743
07/03/2017,1273.18,1273.92,1273.32,1277.56,1269.67,725874766
06/03/2017,1286.14,1284.37,1273.18,1284.99,1272.25,730306168
05/03/2017,1287.66,1285.34,1286.14,1287.13,1284.14,740561015
02/03/2017,1284.33,1286.83,1287.66,1287.66,1281.69,740538809
01/03/2017,1265.61,1268.57,1284.33,1284.33,1267.93,737370646
28/02/2017,1277.97,1273.07,1265.61,1273.43,1265.61,725456409
27/02/2017,1285.78,1285.24,1277.97,1287.05,1273.30,731852862
26/02/2017,1286.42,1286.70,1285.78,1287.20,1283.14,736072422
23/02/2017,1289.25,1286.99,1286.42,1288.99,1283.65,737816758
22/02/2017,1293.32,1293.01,1289.25,1294.39,1283.96,740232411
21/02/2017,1294.94,1295.53,1293.32,1297.30,1292.87,744476211
20/02/2017,1295.21,1296.97,1294.94,1297.41,1293.01,745966711
19/02/2017,1287.42,1290.71,1295.21,1295.65,1290.71,745219625
16/02/2017,1282.57,1290.38,1287.42,1290.72,1284.34,738276635
15/02/2017,1275.90,1283.14,1282.57,1283.66,1276.22,736616323
14/02/2017,1274.55,1273.62,1275.90,1276.20,1272.86,726209134
13/02/2017,1265.72,1265.51,1274.55,1275.64,1264.03,723597448
12/02/2017,1253.69,1264.51,1265.72,1267.80,1263.29,714645706
09/02/2017,1244.87,1247.97,1253.69,1253.69,1244.45,711442643
08/02/2017,1252.77,1251.02,1244.87,1252.79,1243.90,678749226
07/02/2017,1248.85,1247.45,1252.77,1253.49,1246.46,685034073
06/02/2017,1247.50,1249.26,1248.85,1249.85,1243.25,685912218
05/02/2017,1248.69,1252.97,1247.50,1254.20,1247.50,684504251
02/02/2017,1254.11,1250.70,1248.69,1252.21,1243.98,685314966
01/02/2017,1242.96,1250.50,1254.11,1256.72,1248.41,686496900
31/01/2017,1240.74,1236.43,1242.96,1243.29,1235.71,676924196
30/01/2017,1252.57,1252.50,1240.74,1252.50,1240.74,679255346
29/01/2017,1250.29,1254.96,1252.57,1255.21,1252.18,684201859
26/01/2017,1248.08,1251.47,1250.29,1253.70,1248.92,681068766
25/01/2017,1239.15,1243.96,1248.08,1249.29,1241.72,678024241
24/01/2017,1232.24,1234.32,1239.15,1240.19,1233.08,671124221
23/01/2017,1244.14,1238.45,1232.24,1239.75,1230.51,670535184
22/01/2017,1248.09,1246.38,1244.14,1247.89,1238.64,679126957
19/01/2017,1260.95,1262.19,1248.09,1263.61,1247.09,682199085
18/01/2017,1264.59,1266.47,1260.95,1266.76,1260.95,687403931
17/01/2017,1266.46,1265.04,1264.59,1269.63,1261.30,688899536
16/01/2017,1271.09,1268.80,1266.46,1269.19,1264.85,689992135
15/01/2017,1269.08,1271.03,1271.09,1273.22,1270.14,691563650
12/01/2017,1276.44,1268.85,1269.08,1271.11,1267.21,690985092
11/01/2017,1280.51,1282.07,1276.44,1282.07,1275.42,701649570
10/01/2017,1284.24,1283.51,1280.51,1286.35,1279.53,701634991
09/01/2017,1284.35,1286.75,1284.24,1287.39,1281.80,704314939
08/01/2017,1290.66,1287.20,1284.35,1288.52,1282.92,705240623
05/01/2017,1287.77,1289.42,1290.66,1293.02,1286.94,714588728
04/01/2017,1285.44,1286.52,1287.77,1289.62,1282.91,715596573
03/01/2017,1280.42,1283.57,1285.44,1286.96,1280.74,712616442
02/01/2017,1276.94,1279.14,1280.42,1282.12,1278.05,707250943
01/01/2017,1282.37,1276.62,1276.94,1279.29,1276.20,704715945
29/12/2016,1289.31,1282.63,1282.37,1283.71,1278.86,703225129
28/12/2016,1286.21,1286.71,1289.31,1297.18,1283.43,707235012
27/12/2016,1272.29,1273.54,1286.21,1286.70,1273.49,705906530
26/12/2016,1272.85,1273.00,1272.29,1273.39,1269.77,698349440
25/12/2016,1277.43,1278.35,1272.85,1278.45,1272.11,698970927
22/12/2016,1275.91,1275.79,1277.43,1277.43,1273.94,702682984
21/12/2016,1281.42,1280.70,1275.91,1284.47,1275.22,699519784
20/12/2016,1276.99,1276.16,1281.42,1283.15,1274.88,703423068
19/12/2016,1273.24,1272.80,1276.99,1277.12,1269.37,703850558
18/12/2016,1271.43,1272.90,1273.24,1275.80,1271.43,702347882
15/12/2016,1271.62,1269.19,1271.43,1271.91,1264.72,702760270
14/12/2016,1279.87,1278.97,1271.62,1279.34,1271.62,702027294
13/12/2016,1272.06,1275.07,1279.87,1280.73,1272.51,707852932
12/12/2016,1278.85,1278.23,1272.06,1278.84,1272.02,699997903
11/12/2016,1264.30,1273.12,1278.85,1280.13,1273.11,703716494
08/12/2016,1259.23,1260.94,1264.30,1265.59,1259.75,690833671
07/12/2016,1264.16,1270.11,1259.23,1272.24,1258.39,684856924
06/12/2016,1268.27,1264.89,1264.16,1270.01,1262.26,689958822
05/12/2016,1253.39,1255.34,1268.27,1270.15,1254.91,698355351
04/12/2016,1258.89,1255.08,1253.39,1255.08,1251.15,690216225
01/12/2016,1263.79,1262.01,1258.89,1265.08,1257.75,697494610
30/11/2016,1267.23,1266.61,1263.79,1268.24,1263.44,696489343
29/11/2016,1267.92,1264.97,1267.23,1270.73,1264.82,701157332
28/11/2016,1272.46,1272.78,1267.92,1273.33,1266.99,701754737
27/11/2016,1266.33,1269.97,1272.46,1274.74,1269.64,703660463
24/11/2016,1265.87,1268.14,1266.33,1270.03,1265.95,700571556
23/11/2016,1267.87,1265.73,1265.87,1268.73,1259.80,700113776
22/11/2016,1261.67,1265.38,1267.87,1269.63,1265.33,702597176
21/11/2016,1258.00,1258.96,1261.67,1262.49,1256.65,701908997
20/11/2016,1251.26,1256.39,1258.00,1259.02,1255.92,699150148
17/11/2016,1250.77,1252.47,1251.26,1254.96,1250.24,696325537
16/11/2016,1247.20,1248.42,1250.77,1251.74,1247.12,696195198
15/11/2016,1248.48,1251.73,1247.20,1253.56,1245.00,697249059
14/11/2016,1247.76,1252.04,1248.48,1253.38,1242.43,703495441
13/11/2016,1242.83,1248.07,1247.76,1248.81,1244.26,701355140
10/11/2016,1233.32,1248.80,1242.83,1252.28,1238.64,704105050
09/11/2016,1222.45,1198.59,1233.32,1240.75,1198.32,698099250
08/11/2016,1233.22,1231.85,1222.45,1233.68,1222.36,685790285
07/11/2016,1216.77,1230.88,1233.22,1234.76,1229.37,694964368
06/11/2016,1214.27,1204.74,1216.77,1217.66,1204.47,685374721
03/11/2016,1217.46,1212.14,1214.27,1224.59,1211.77,691734082
02/11/2016,1225.36,1222.28,1217.46,1222.33,1213.72,696808361
01/11/2016,1231.09,1232.94,1225.36,1234.14,1224.25,699658833
31/10/2016,1233.54,1237.60,1231.09,1239.16,1228.84,700048744
30/10/2016,1250.63,1239.10,1233.54,1239.62,1233.26,701801156
27/10/2016,1254.46,1248.67,1250.63,1256.42,1248.67,712984800
26/10/2016,1259.19,1256.30,1254.46,1256.30,1251.80,717004529
25/10/2016,1251.35,1257.47,1259.19,1262.56,1255.63,719052917
20/10/2016,1250.63,1250.88,1251.35,1252.19,1249.51,712970614
19/10/2016,1248.47,1249.75,1250.63,1251.71,1247.23,712432942
18/10/2016,1241.60,1237.44,1248.47,1248.47,1237.44,706757218
13/10/2016,1266.15,1251.73,1241.60,1251.83,1238.09,711774226
10/10/2016,1259.47,1260.21,1266.15,1267.54,1259.57,725802134
09/10/2016,1257.18,1255.36,1259.47,1259.47,1255.19,724752938
06/10/2016,1260.51,1263.35,1257.18,1263.35,1256.81,719279149
05/10/2016,1261.79,1252.63,1260.51,1261.91,1251.77,719941670
29/09/2016,1270.11,1269.92,1261.79,1272.11,1260.28,728486575
28/09/2016,1272.65,1272.68,1270.11,1276.05,1270.08,737319251
27/09/2016,1275.50,1277.93,1272.65,1280.26,1266.48,740932901
26/09/2016,1282.94,1279.57,1275.50,1281.41,1273.99,745203840
25/09/2016,1281.36,1284.55,1282.94,1286.30,1281.93,748544582
22/09/2016,1262.16,1272.20,1281.36,1281.36,1271.25,749221697
21/09/2016,1262.50,1262.80,1262.16,1266.43,1260.75,738245510
20/09/2016,1270.31,1267.76,1262.50,1269.61,1262.50,739446083
19/09/2016,1267.49,1271.75,1270.31,1273.97,1267.42,745705916
18/09/2016,1255.75,1258.61,1267.49,1267.49,1258.60,745625605
15/09/2016,1255.27,1253.14,1255.75,1258.62,1252.47,740442806
14/09/2016,1254.20,1256.59,1255.27,1258.34,1252.41,742370913
13/09/2016,1258.47,1264.94,1254.20,1265.77,1253.21,737604270
12/09/2016,1254.67,1250.72,1258.47,1259.44,1247.96,735521161
11/09/2016,1279.17,1261.91,1254.67,1261.91,1251.33,732279903
08/09/2016,1282.12,1284.46,1279.17,1285.24,1277.16,747362042
07/09/2016,1274.29,1274.90,1282.12,1282.14,1274.90,747899696
06/09/2016,1273.17,1272.47,1274.29,1277.26,1272.28,744962343
05/09/2016,1265.55,1266.85,1273.17,1273.17,1266.38,744372544
04/09/2016,1267.03,1267.69,1265.55,1268.69,1264.61,740697707
01/09/2016,1271.53,1273.75,1267.03,1275.15,1266.33,742050196
31/08/2016,1273.89,1273.47,1271.53,1276.57,1270.03,746684501
30/08/2016,1271.82,1273.76,1273.89,1275.35,1271.81,749231083
29/08/2016,1275.68,1275.55,1271.82,1277.55,1270.58,748144722
28/08/2016,1281.38,1277.80,1275.68,1279.67,1275.66,751409216
25/08/2016,1293.62,1275.44,1281.38,1282.02,1275.16,755909672
24/08/2016,1296.15,1295.46,1293.62,1297.08,1292.26,768936860
23/08/2016,1292.26,1292.30,1296.15,1297.90,1291.20,770263341
22/08/2016,1289.64,1289.28,1292.26,1294.77,1288.64,771431978
21/08/2016,1285.92,1287.10,1289.64,1289.64,1286.49,768191300
18/08/2016,1283.69,1284.82,1285.92,1286.84,1281.88,770327180
17/08/2016,1287.05,1287.74,1283.69,1290.14,1283.23,769525827
16/08/2016,1291.80,1291.11,1287.05,1291.49,1286.31,773270067
15/08/2016,1286.42,1292.28,1291.80,1294.48,1290.23,775823138
11/08/2016,1281.37,1288.08,1286.42,1288.95,1285.45,770999672
10/08/2016,1290.82,1292.73,1281.37,1300.53,1280.38,768530930
09/08/2016,1289.16,1288.51,1290.82,1292.45,1288.02,775576661
08/08/2016,1287.99,1288.26,1289.16,1293.45,1288.26,774485833
07/08/2016,1274.72,1283.07,1287.99,1287.99,1282.64,775728287
04/08/2016,1267.47,1268.35,1274.72,1275.53,1268.35,769949491
03/08/2016,1264.67,1265.03,1267.47,1267.73,1261.08,763409768
02/08/2016,1275.68,1275.36,1264.67,1276.66,1264.67,757480277
01/08/2016,1272.69,1277.21,1275.68,1279.70,1273.08,764797752
31/07/2016,1267.26,1268.31,1272.69,1272.69,1267.06,765855498
28/07/2016,1273.91,1277.78,1267.26,1278.53,1267.26,765648280
27/07/2016,1275.39,1275.26,1273.91,1279.10,1273.02,748389669
26/07/2016,1276.81,1277.02,1275.39,1278.73,1274.29,749411084
25/07/2016,1277.23,1277.13,1276.81,1283.25,1275.11,748953991
24/07/2016,1278.33,1275.73,1277.23,1280.01,1274.09,749693598
21/07/2016,1279.15,1278.92,1278.33,1282.47,1277.26,752308289
20/07/2016,1270.40,1269.74,1279.15,1279.15,1269.11,750124280
19/07/2016,1268.50,1267.47,1270.40,1270.93,1265.03,744805457
18/07/2016,1269.38,1271.12,1268.50,1276.54,1266.74,744819839
17/07/2016,1270.56,1270.81,1269.38,1271.27,1268.36,743284091
14/07/2016,1262.71,1264.32,1270.56,1271.75,1263.74,745649776
13/07/2016,1258.01,1260.67,1262.71,1265.64,1256.83,741560080
12/07/2016,1248.82,1248.66,1258.01,1259.63,1248.40,732513802
11/07/2016,1245.29,1249.40,1248.82,1252.27,1246.03,727016930
10/07/2016,1228.46,1242.52,1245.29,1246.04,1241.67,724751961
07/07/2016,1215.89,1219.86,1228.46,1228.46,1219.52,715262331
06/07/2016,1221.11,1220.40,1215.89,1223.00,1212.08,708134024
05/07/2016,1228.02,1226.63,1221.11,1227.63,1220.03,709058609
04/07/2016,1224.58,1226.37,1228.02,1229.08,1225.22,713320658
03/07/2016,1211.21,1222.87,1224.58,1225.88,1222.87,709837491
30/06/2016,1211.88,1212.57,1211.21,1215.55,1209.77,725405239
29/06/2016,1204.31,1208.54,1211.88,1211.88,1205.23,726700051
28/06/2016,1196.27,1199.74,1204.31,1206.37,1198.19,720534467
27/06/2016,1202.41,1204.70,1196.27,1212.42,1195.03,717199432
26/06/2016,1240.22,1203.14,1202.41,1207.44,1199.49,723106387
23/06/2016,1240.54,1243.69,1240.22,1245.39,1237.43,743570971
22/06/2016,1236.41,1235.64,1240.54,1240.73,1234.65,743658620
21/06/2016,1238.22,1239.79,1236.41,1243.45,1235.08,742556022
20/06/2016,1225.90,1233.36,1238.22,1242.11,1233.21,745675183
19/06/2016,1222.02,1223.71,1225.90,1228.51,1223.71,740067472
16/06/2016,1235.03,1219.94,1222.02,1224.91,1216.60,738478898
15/06/2016,1226.41,1236.51,1235.03,1244.38,1233.23,749579318
14/06/2016,1229.98,1227.88,1226.41,1230.31,1223.02,746764929
13/06/2016,1246.37,1231.97,1229.98,1231.97,1225.63,745902531
09/06/2016,1251.81,1247.82,1246.37,1250.81,1245.46,754443936
08/06/2016,1258.76,1258.22,1251.81,1259.01,1251.81,755948281
07/06/2016,1257.59,1262.01,1258.76,1263.58,1256.62,760064353
06/06/2016,1256.32,1255.65,1257.59,1258.02,1254.18,757267312
05/06/2016,1256.99,1255.04,1256.32,1258.06,1254.46,755449258
02/06/2016,1252.34,1251.53,1256.99,1257.76,1251.22,755210596
01/06/2016,1254.58,1254.32,1252.34,1255.18,1247.84,747034075
31/05/2016,1254.63,1257.01,1254.58,1259.34,1252.19,745203855
30/05/2016,1244.26,1245.12,1254.63,1255.00,1243.19,745189162
29/05/2016,1240.87,1246.60,1244.26,1248.11,1243.14,740638675
26/05/2016,1249.80,1244.29,1240.87,1245.68,1236.56,735949591
25/05/2016,1238.05,1244.02,1249.80,1249.80,1242.03,742631703
24/05/2016,1226.34,1224.27,1238.05,1238.05,1222.12,737326197
23/05/2016,1220.39,1221.10,1226.34,1226.85,1214.44,732459585
22/05/2016,1212.43,1222.22,1220.39,1222.86,1219.92,730178625
19/05/2016,1221.36,1219.57,1212.43,1221.18,1212.43,724158395
18/05/2016,1211.86,1210.02,1221.36,1221.36,1208.08,728731110
17/05/2016,1211.29,1216.91,1211.86,1216.91,1206.51,719196403
16/05/2016,1210.68,1212.55,1211.29,1213.09,1206.69,713375694
15/05/2016,1228.24,1213.46,1210.68,1214.37,1208.28,715043054
10/05/2016,1220.15,1221.77,1228.24,1228.55,1221.74,730819891
09/05/2016,1215.85,1219.07,1220.15,1225.56,1214.64,726035906
08/05/2016,1222.41,1211.56,1215.85,1216.10,1211.34,717685149
05/05/2016,1219.87,1226.22,1222.41,1228.96,1219.78,732218999
04/05/2016,1226.94,1227.68,1219.87,1232.05,1216.82,732382041
03/05/2016,1233.92,1235.91,1226.94,1235.91,1224.20,734236218
02/05/2016,1224.58,1227.52,1233.92,1237.56,1225.36,734933760
01/05/2016,1246.04,1234.10,1224.58,1236.58,1223.59,731470129
27/04/2016,1264.40,1250.83,1246.04,1253.99,1244.46,752473796
26/04/2016,1285.29,1266.43,1264.40,1269.30,1262.19,761437335
25/04/2016,1294.66,1292.18,1285.29,1292.60,1285.29,782056177
24/04/2016,1292.77,1292.09,1294.66,1295.64,1291.33,784213714
21/04/2016,1293.28,1295.45,1292.77,1295.83,1290.39,784199489
20/04/2016,1295.85,1293.19,1293.28,1297.52,1291.59,781671640
19/04/2016,1287.84,1288.65,1295.85,1295.85,1288.31,782843980
18/04/2016,1285.18,1281.29,1287.84,1287.84,1275.20,773980704
17/04/2016,1273.21,1274.33,1285.18,1285.24,1273.21,783645324
14/04/2016,1268.21,1273.03,1273.21,1278.69,1268.41,779324253
13/04/2016,1251.81,1259.03,1268.21,1268.21,1257.94,774142054
12/04/2016,1255.36,1252.55,1251.81,1256.56,1250.46,767399589
11/04/2016,1243.39,1244.37,1255.36,1256.47,1240.18,773825024
10/04/2016,1250.49,1241.96,1243.39,1244.75,1241.68,769289534
07/04/2016,1250.12,1256.20,1250.49,1256.55,1249.50,776872419
06/04/2016,1246.47,1247.64,1250.12,1252.17,1246.17,772597612
05/04/2016,1255.85,1251.65,1246.47,1251.83,1243.24,765008843
04/04/2016,1250.44,1250.68,1255.85,1257.30,1250.48,770915886
03/04/2016,1250.19,1256.07,1250.44,1256.08,1249.65,766703530
31/03/2016,1259.95,1255.71,1250.19,1260.12,1250.19,761754133
30/03/2016,1257.01,1263.65,1259.95,1267.51,1259.95,769367641
29/03/2016,1266.01,1262.21,1257.01,1264.19,1253.55,767654689
28/03/2016,1267.79,1261.78,1266.01,1269.43,1261.78,773835258
27/03/2016,1277.69,1274.42,1267.79,1275.36,1267.04,775901337
23/03/2016,1279.87,1283.67,1277.69,1285.94,1276.81,782426360
22/03/2016,1277.93,1278.67,1279.87,1279.87,1272.60,781288419
21/03/2016,1277.10,1278.05,1277.93,1280.53,1275.13,779284818
20/03/2016,1271.34,1278.36,1277.10,1278.68,1276.17,778632705
17/03/2016,1277.52,1282.20,1271.34,1282.20,1268.60,777761854
16/03/2016,1270.80,1273.77,1277.52,1279.23,1272.55,791700687
15/03/2016,1277.82,1275.38,1270.80,1279.74,1269.91,789047309
14/03/2016,1278.63,1279.68,1277.82,1283.81,1276.31,800758842
13/03/2016,1269.82,1276.37,1278.63,1283.76,1276.11,804862868
10/03/2016,1259.62,1264.41,1269.82,1273.88,1262.56,799219470
09/03/2016,1255.80,1254.84,1259.62,1261.01,1253.30,785416800
08/03/2016,1254.19,1254.45,1255.80,1258.14,1250.17,781085365
07/03/2016,1257.30,1256.57,1254.19,1257.17,1250.60,778020139
06/03/2016,1248.44,1255.88,1257.30,1258.11,1255.88,779059759
03/03/2016,1248.52,1256.52,1248.44,1256.62,1247.33,775582758
02/03/2016,1243.66,1256.00,1248.52,1256.33,1244.73,775195317
01/03/2016,1240.46,1240.75,1243.66,1245.56,1239.80,771679724
29/02/2016,1242.27,1239.76,1240.46,1245.99,1236.66,773650890
28/02/2016,1230.09,1238.68,1242.27,1243.78,1238.49,778913967
25/02/2016,1224.85,1235.36,1230.09,1235.36,1226.63,772316235
24/02/2016,1233.37,1235.20,1224.85,1236.16,1221.42,767213943
23/02/2016,1236.03,1235.75,1233.37,1237.28,1230.97,779830851
22/02/2016,1224.82,1231.07,1236.03,1240.56,1230.82,778688757
21/02/2016,1223.28,1227.39,1224.82,1231.05,1223.93,772233070
18/02/2016,1229.52,1243.76,1223.28,1244.02,1221.69,777255122
17/02/2016,1209.12,1209.69,1229.52,1229.52,1207.47,779380140
16/02/2016,1208.38,1215.63,1209.12,1216.05,1205.08,763853837
15/02/2016,1197.77,1204.93,1208.38,1210.44,1204.92,762273185
14/02/2016,1180.84,1190.28,1197.77,1199.12,1190.28,753277957
11/02/2016,1215.46,1200.65,1180.84,1202.85,1180.61,743069496
10/02/2016,1211.20,1212.50,1215.46,1219.76,1206.17,782468437
09/02/2016,1215.57,1212.28,1211.20,1218.08,1199.06,777391539
08/02/2016,1232.09,1233.95,1215.57,1236.98,1215.32,781732288
07/02/2016,1246.83,1232.41,1232.09,1234.86,1227.87,794196573
04/02/2016,1244.17,1255.56,1246.83,1257.56,1237.93,807018301
03/02/2016,1253.01,1249.99,1244.17,1259.03,1242.91,800708267
02/02/2016,1262.49,1262.70,1253.01,1264.69,1252.30,816917212
01/02/2016,1269.61,1266.48,1262.49,1268.78,1257.42,818494175
31/01/2016,1249.38,1269.67,1269.61,1270.97,1265.65,824853533
28/01/2016,1248.86,1248.37,1249.38,1257.33,1246.21,806439044
27/01/2016,1251.20,1250.56,1248.86,1254.68,1247.69,821051781
26/01/2016,1250.50,1236.86,1251.20,1252.36,1233.40,822141349
25/01/2016,1258.72,1257.79,1250.50,1260.75,1248.06,821594495
24/01/2016,1238.61,1259.09,1258.72,1261.67,1258.27,825876928
21/01/2016,1230.31,1226.19,1238.61,1243.23,1226.19,810661864
20/01/2016,1258.69,1240.18,1230.31,1240.55,1229.30,802525916
19/01/2016,1250.73,1261.10,1258.69,1268.24,1253.81,820793279
18/01/2016,1244.68,1244.29,1250.73,1252.49,1240.30,812625654
17/01/2016,1248.15,1245.85,1244.68,1255.53,1241.75,808988334
14/01/2016,1286.37,1270.11,1248.15,1270.11,1240.66,809034860
13/01/2016,1291.20,1295.74,1286.37,1298.17,1285.89,834456467
12/01/2016,1282.94,1282.03,1291.20,1296.03,1281.59,834693581
11/01/2016,1277.70,1274.32,1282.94,1294.63,1272.95,826443616
10/01/2016,1284.39,1268.89,1277.70,1278.45,1267.79,827015364
07/01/2016,1311.73,1294.61,1284.39,1295.19,1282.05,834267809
06/01/2016,1320.34,1317.26,1311.73,1319.87,1302.82,852117369
05/01/2016,1314.05,1318.21,1320.34,1324.95,1317.69,853023563
04/01/2016,1328.33,1311.76,1314.05,1314.05,1306.75,848999848
03/01/2016,1315.08,1315.48,1328.33,1330.05,1314.80,856097744
31/12/2015,1315.71,1313.83,1315.08,1320.90,1313.07,847425820
30/12/2015,1320.95,1319.33,1315.71,1320.75,1314.54,850465793
29/12/2015,1315.36,1321.04,1320.95,1323.44,1320.51,851749761
28/12/2015,1321.85,1320.55,1315.36,1321.08,1314.63,845729724
27/12/2015,1307.78,1308.44,1321.85,1323.88,1307.58,852324701
24/12/2015,1294.11,1302.04,1307.78,1309.15,1299.53,846762313
23/12/2015,1287.48,1287.03,1294.11,1294.11,1283.86,838853900
22/12/2015,1296.50,1299.22,1287.48,1300.72,1286.80,835012462
21/12/2015,1293.30,1296.68,1296.50,1301.49,1293.26,839394524
20/12/2015,1311.13,1293.40,1293.30,1293.50,1287.14,835253678
17/12/2015,1295.98,1304.72,1311.13,1317.95,1304.72,845277415
16/12/2015,1301.27,1303.68,1295.98,1305.35,1294.86,836972796
15/12/2015,1283.24,1288.76,1301.27,1302.54,1287.60,841345192
14/12/2015,1290.06,1293.90,1283.24,1296.38,1281.87,829913690
13/12/2015,1320.47,1300.08,1290.06,1300.94,1289.19,726228266
10/12/2015,1328.41,1325.08,1320.47,1326.27,1318.94,740567404
09/12/2015,1329.10,1333.73,1328.41,1334.98,1326.03,745664605
08/12/2015,1340.16,1339.52,1329.10,1340.92,1325.03,745636028
07/12/2015,1348.46,1350.00,1340.16,1350.66,1340.16,748585971
06/12/2015,1347.63,1353.66,1348.46,1355.82,1346.49,736475833
03/12/2015,1359.57,1354.62,1347.63,1359.57,1346.62,732829248
02/12/2015,1355.17,1359.71,1359.57,1362.39,1357.79,739424272
01/12/2015,1343.51,1354.79,1355.17,1358.29,1351.92,739523669
30/11/2015,1345.58,1343.18,1343.51,1350.54,1341.68,725320083
29/11/2015,1346.99,1347.37,1345.58,1350.13,1344.14,732146778
26/11/2015,1346.94,1345.77,1346.99,1350.14,1344.10,734364659
25/11/2015,1343.81,1350.99,1346.94,1353.89,1346.39,732271503
24/11/2015,1357.25,1352.17,1343.81,1355.15,1341.48,727093259
23/11/2015,1361.59,1361.84,1357.25,1363.25,1355.52,736118226
22/11/2015,1360.49,1363.93,1361.59,1369.76,1361.21,734625251
19/11/2015,1359.20,1371.88,1360.49,1371.95,1360.09,734482078
18/11/2015,1350.92,1347.35,1359.20,1360.86,1345.92,730638611
17/11/2015,1340.44,1343.60,1350.92,1351.99,1342.63,727386475
16/11/2015,1317.14,1324.86,1340.44,1340.44,1324.50,721513452
15/11/2015,1353.19,1317.55,1317.14,1324.21,1316.38,708248645
12/11/2015,1363.64,1359.32,1353.19,1360.94,1351.97,729588776
11/11/2015,1354.69,1357.13,1363.64,1367.01,1357.13,731395987
10/11/2015,1354.48,1357.71,1354.69,1358.33,1350.13,726586558
09/11/2015,1358.37,1358.75,1354.48,1362.77,1353.45,724712235
08/11/2015,1367.09,1375.09,1358.37,1376.69,1358.27,727532744
05/11/2015,1371.46,1374.37,1367.09,1376.04,1367.09,729116397
04/11/2015,1370.34,1374.22,1371.46,1376.19,1368.06,734736054
03/11/2015,1365.72,1372.52,1370.34,1373.03,1366.72,734463113
02/11/2015,1363.15,1360.96,1365.72,1366.33,1358.37,727839979
01/11/2015,1365.58,1360.42,1363.15,1365.05,1358.55,724860036
29/10/2015,1359.98,1366.17,1365.58,1369.85,1360.90,732194240
28/10/2015,1356.63,1360.82,1359.98,1360.82,1352.14,729564477
27/10/2015,1362.64,1360.84,1356.63,1364.11,1354.23,722576888
26/10/2015,1365.96,1369.83,1362.64,1369.83,1361.72,723180808
25/10/2015,1343.56,1365.87,1365.96,1372.92,1364.43,726697523
22/10/2015,1350.34,1345.17,1343.56,1351.36,1341.06,708733120
21/10/2015,1346.41,1347.36,1350.34,1357.28,1343.59,712290086
20/10/2015,1343.36,1345.07,1346.41,1349.67,1344.33,720176628
19/10/2015,1347.81,1346.19,1343.36,1349.70,1337.85,722247797
18/10/2015,1331.37,1343.89,1347.81,1349.73,1343.81,723454934
15/10/2015,1316.46,1327.64,1331.37,1334.09,1322.07,711174143
14/10/2015,1311.32,1303.89,1316.46,1319.90,1302.04,699287385
13/10/2015,1324.20,1322.78,1311.32,1322.92,1302.55,703981497
12/10/2015,1324.96,1331.10,1324.20,1334.84,1324.20,705103589
11/10/2015,1325.41,1328.36,1324.96,1328.96,1319.94,706890263
08/10/2015,1337.14,1336.28,1325.41,1336.28,1324.71,706853111
07/10/2015,1322.01,1322.46,1337.14,1337.14,1319.50,708037834
06/10/2015,1300.60,1313.01,1322.01,1327.66,1312.54,707699039
01/10/2015,1300.40,1303.13,1300.60,1309.74,1299.26,699501266
30/09/2015,1302.63,1305.47,1300.40,1310.22,1291.86,695391081
29/09/2015,1332.93,1287.39,1302.63,1306.94,1286.31,696765157
24/09/2015,1380.75,1354.31,1332.93,1361.05,1332.93,720890163
21/09/2015,1372.81,1374.59,1380.75,1383.89,1371.02,749413196
20/09/2015,1392.03,1381.97,1372.81,1389.10,1371.58,744479177
17/09/2015,1393.43,1396.58,1392.03,1396.58,1384.68,755381516
16/09/2015,1395.13,1404.68,1393.43,1405.68,1391.93,755862392
10/09/2015,1398.65,1391.96,1395.13,1398.45,1380.55,748426906
09/09/2015,1403.65,1417.82,1398.65,1419.35,1398.25,759669662
08/09/2015,1394.17,1400.03,1403.65,1413.49,1399.68,762480538
07/09/2015,1398.38,1403.37,1394.17,1404.60,1392.91,759013361
06/09/2015,1401.04,1384.83,1398.38,1398.38,1383.85,761634060
03/09/2015,1392.29,1402.91,1401.04,1404.73,1395.05,769578549
02/09/2015,1370.92,1382.42,1392.29,1395.63,1380.30,760283501
01/09/2015,1386.63,1373.27,1370.92,1375.11,1358.29,750743108
31/08/2015,1407.73,1389.28,1386.63,1392.20,1380.66,763332709
30/08/2015,1398.35,1412.89,1407.73,1416.82,1406.15,772581204
27/08/2015,1390.59,1402.02,1398.35,1413.65,1394.71,767252519
26/08/2015,1400.35,1392.63,1390.59,1403.67,1382.78,761749601
25/08/2015,1360.60,1365.12,1400.35,1411.86,1365.12,765728650
24/08/2015,1416.39,1366.31,1360.60,1386.84,1343.92,744939908
23/08/2015,1477.00,1438.27,1416.39,1438.27,1408.45,778913034
20/08/2015,1493.28,1492.62,1477.00,1493.25,1477.00,810196407
19/08/2015,1503.53,1502.00,1493.28,1503.14,1493.28,815983223
18/08/2015,1498.75,1503.08,1503.53,1503.79,1499.02,819555052
17/08/2015,1497.39,1500.64,1498.75,1501.53,1494.30,815813284
16/08/2015,1488.52,1489.69,1497.39,1498.01,1489.41,812587557
13/08/2015,1478.10,1488.26,1488.52,1491.02,1486.26,811573970
12/08/2015,1487.27,1478.56,1478.10,1481.08,1474.40,806229772
11/08/2015,1492.86,1491.87,1487.27,1493.16,1484.95,811391576
10/08/2015,1479.94,1486.67,1492.86,1493.15,1482.78,815311913
09/08/2015,1483.05,1478.22,1479.94,1482.09,1476.83,808426939
06/08/2015,1489.01,1488.06,1483.05,1490.26,1482.74,809257938
05/08/2015,1478.42,1482.00,1489.01,1491.25,1480.83,813554725
04/08/2015,1482.75,1484.45,1478.42,1485.24,1474.86,806562751
03/08/2015,1479.43,1480.33,1482.75,1484.70,1478.08,803723810
02/08/2015,1478.61,1477.46,1479.43,1480.29,1476.89,803558944
30/07/2015,1483.30,1491.54,1478.61,1491.54,1475.60,807316019
29/07/2015,1476.85,1483.90,1483.30,1487.83,1481.52,812603344
28/07/2015,1467.42,1474.73,1476.85,1483.92,1472.48,807060616
27/07/2015,1466.67,1463.17,1467.42,1473.47,1454.47,800026979
23/07/2015,1466.16,1467.76,1466.67,1469.87,1462.75,783638891
22/07/2015,1475.77,1471.83,1466.16,1473.17,1462.36,784456370
21/07/2015,1479.29,1483.12,1475.77,1484.12,1474.23,785808525
20/07/2015,1471.73,1471.63,1479.29,1482.49,1468.80,789438408
19/07/2015,1460.66,1466.80,1471.73,1471.73,1464.92,786581274
16/07/2015,1449.78,1452.46,1460.66,1460.99,1451.33,781346212
15/07/2015,1446.57,1449.40,1449.78,1452.41,1446.63,775969894
14/07/2015,1444.94,1444.75,1446.57,1447.29,1440.05,775346917
13/07/2015,1428.78,1433.27,1444.94,1447.97,1433.27,769241532
12/07/2015,1425.63,1426.21,1428.78,1429.68,1423.41,761214094
09/07/2015,1412.52,1416.27,1425.63,1427.20,1415.78,761153006
08/07/2015,1425.17,1417.58,1412.52,1424.37,1412.02,755096857
07/07/2015,1425.74,1429.93,1425.17,1435.10,1425.17,761043166
06/07/2015,1424.66,1418.18,1425.74,1433.35,1418.18,759355455
05/07/2015,1431.38,1431.84,1424.66,1431.84,1423.39,759107816
02/07/2015,1440.00,1437.90,1431.38,1439.94,1430.02,762343629
01/07/2015,1418.31,1422.54,1440.00,1441.20,1422.54,765048495
30/06/2015,1412.62,1410.29,1418.31,1424.63,1408.26,751279559
29/06/2015,1415.15,1409.02,1412.62,1421.87,1406.11,749313960
28/06/2015,1443.15,1428.87,1415.15,1428.87,1414.51,750056248
25/06/2015,1445.18,1437.22,1443.15,1447.76,1437.22,762366783
24/06/2015,1452.52,1453.15,1445.18,1453.91,1441.18,762934390
23/06/2015,1461.83,1465.10,1452.52,1467.18,1451.61,768272450
22/06/2015,1469.82,1477.08,1461.83,1480.44,1461.09,772617457
21/06/2015,1454.70,1454.66,1469.82,1469.82,1453.76,779892746
18/06/2015,1457.19,1453.16,1454.70,1457.96,1446.50,772595082
17/06/2015,1452.73,1459.54,1457.19,1459.92,1453.83,777173610
16/06/2015,1440.23,1439.47,1452.73,1454.38,1437.91,774919168
15/06/2015,1453.11,1448.31,1440.23,1450.26,1437.98,770910739
14/06/2015,1456.71,1454.52,1453.11,1456.03,1450.42,779037001
11/06/2015,1448.27,1451.94,1456.71,1458.09,1451.91,779136712
10/06/2015,1455.31,1453.73,1448.27,1458.35,1446.62,775275649
09/06/2015,1470.86,1468.28,1455.31,1470.02,1452.81,777911614
08/06/2015,1470.01,1471.83,1470.86,1477.11,1466.89,786744952
07/06/2015,1468.09,1459.60,1470.01,1470.13,1458.67,789126353
04/06/2015,1473.03,1468.78,1468.09,1471.19,1460.96,789725994
03/06/2015,1465.13,1471.68,1473.03,1476.89,1467.72,788556125
02/06/2015,1467.74,1471.69,1465.13,1473.20,1462.35,785257411
01/06/2015,1459.45,1464.59,1467.74,1470.75,1462.12,788624355
31/05/2015,1453.35,1445.87,1459.45,1459.45,1443.04,783294475
28/05/2015,1461.26,1460.05,1453.35,1462.80,1451.33,783878345
27/05/2015,1465.09,1464.43,1461.26,1464.80,1456.46,787471295
